item,bathroom_choice,bathroom_p_choice,bathroom_p1,bathroom_confidence,cleanliness_choice,cleanliness_p_choice,cleanliness_p1,cleanliness_confidence,air_conditioning_choice,air_conditioning_p_choice,air_conditioning_p1,air_conditioning_confidence,pests_choice,pests_p_choice,pests_p1,pests_confidence,responsiveness_choice,responsiveness_p_choice,responsiveness_p1,responsiveness_confidence
1,0,1.0,0.0,1.0,0,1.0,0.0,1.0,0,1.0,0.0,1.0,0,1.0,0.0,1.0,1,0.99,0.99,0.98
2,0,1.0,0.0,1.0,0,1.0,0.0,1.0,0,1.0,0.0,1.0,0,1.0,0.0,1.0,0,1.0,0.0,1.0
4,0,1.0,0.0,1.0,0,1.0,0.0,1.0,0,1.0,0.0,1.0,0,1.0,0.0,1.0,0,1.0,0.0,1.0
5,0,1.0,0.0,1.0,0,1.0,0.0,1.0,0,1.0,0.0,1.0,0,1.0,0.0,1.0,0,1.0,0.0,1.0
6,1,0.79,0.79,0.7,1,0.99,0.99,0.99,0,1.0,0.0,1.0,0,1.0,0.0,1.0,0,1.0,0.0,1.0
7,0,0.9,0.09,0.84,0,1.0,0.0,1.0,0,0.99,0.01,0.98,0,1.0,0.0,1.0,0,1.0,0.0,1.0
8,0,1.0,0.0,1.0,0,1.0,0.0,1.0,0,1.0,0.0,0.99,0,1.0,0.0,1.0,0,0.93,0.01,0.9
9,0,1.0,0.0,0.99,0,1.0,0.0,1.0,0,1.0,0.0,1.0,0,1.0,0.0,1.0,0,1.0,0.0,1.0
10,0,1.0,0.0,0.99,0,1.0,0.0,1.0,0,1.0,0.0,1.0,0,0.91,0.07,0.87,0,1.0,0.0,1.0
11,0,1.0,0.0,1.0,0,1.0,0.0,1.0,0,1.0,0.0,1.0,0,1.0,0.0,1.0,1,0.8,0.8,0.7
14,0,0.99,0.0,0.99,0,1.0,0.0,1.0,1,0.99,0.99,0.99,0,1.0,0.0,1.0,0,1.0,0.0,0.99
15,0,1.0,0.0,1.0,0,1.0,0.0,1.0,0,0.99,0.01,0.99,0,1.0,0.0,1.0,0,0.99,0.01,0.99
16,0,1.0,0.0,1.0,0,1.0,0.0,0.99,0,0.99,0.0,0.99,0,1.0,0.0,1.0,0,1.0,0.0,0.99
18,0,1.0,0.0,1.0,0,1.0,0.0,1.0,0,1.0,0.0,1.0,0,1.0,0.0,1.0,0,1.0,0.0,1.0
19,0,1.0,0.0,1.0,1,1.0,1.0,1.0,0,1.0,0.0,1.0,0,1.0,0.0,1.0,0,1.0,0.0,1.0
20,0,1.0,0.0,1.0,0,1.0,0.0,1.0,0,1.0,0.0,1.0,0,1.0,0.0,1.0,0,1.0,0.0,1.0
22,0,1.0,0.0,1.0,0,1.0,0.0,1.0,0,1.0,0.0,1.0,0,1.0,0.0,1.0,0,1.0,0.0,1.0
24,0,1.0,0.0,1.0,0,1.0,0.0,1.0,0,1.0,0.0,1.0,0,1.0,0.0,1.0,0,0.77,0.2,0.66
25,0,1.0,0.0,1.0,0,1.0,0.0,1.0,0,1.0,0.0,1.0,0,1.0,0.0,1.0,0,0.53,0.45,0.29
26,0,0.66,0.31,0.48,0,1.0,0.0,1.0,0,1.0,0.0,1.0,0,1.0,0.0,1.0,0,1.0,0.0,0.99
27,0,0.62,0.37,0.43,1,0.77,0.77,0.66,0,1.0,0.0,1.0,1,1.0,1.0,1.0,0,0.71,0.28,0.56
28,0,1.0,0.0,1.0,0,1.0,0.0,1.0,1,0.91,0.91,0.86,0,1.0,0.0,1.0,0,1.0,0.0,1.0
29,0,1.0,0.0,1.0,0,1.0,0.0,1.0,0,1.0,0.0,1.0,0,1.0,0.0,1.0,0,1.0,0.0,1.0
32,0,1.0,0.0,1.0,0,1.0,0.0,1.0,1,1.0,1.0,1.0,0,1.0,0.0,1.0,0,1.0,0.0,0.99
33,0,1.0,0.0,0.99,0,0.98,0.01,0.98,0,0.93,0.05,0.9,0,1.0,0.0,1.0,0,0.8,0.15,0.69
35,0,1.0,0.0,1.0,0,1.0,0.0,1.0,0,1.0,0.0,1.0,0,1.0,0.0,1.0,0,1.0,0.0,0.99
36,0,1.0,0.0,1.0,0,1.0,0.0,1.0,0,1.0,0.0,1.0,0,1.0,0.0,1.0,0,0.99,0.01,0.99
37,0,1.0,0.0,1.0,0,1.0,0.0,1.0,0,1.0,0.0,1.0,0,1.0,0.0,1.0,1,0.71,0.71,0.56
38,0,0.99,0.01,0.98,0,0.98,0.01,0.98,0,1.0,0.0,1.0,0,1.0,0.0,1.0,0,1.0,0.0,1.0
39,0,1.0,0.0,1.0,0,1.0,0.0,1.0,0,1.0,0.0,1.0,0,1.0,0.0,1.0,0,1.0,0.0,0.99
41,0,1.0,0.0,1.0,0,1.0,0.0,1.0,0,1.0,0.0,1.0,0,1.0,0.0,1.0,1,0.81,0.81,0.72
43,1,1.0,1.0,1.0,0,0.99,0.01,0.99,1,0.97,0.97,0.95,0,1.0,0.0,1.0,0,0.98,0.02,0.96
44,0,1.0,0.0,1.0,0,1.0,0.0,1.0,0,1.0,0.0,1.0,0,1.0,0.0,1.0,0,1.0,0.0,1.0
46,0,1.0,0.0,1.0,0,1.0,0.0,1.0,0,1.0,0.0,1.0,0,1.0,0.0,1.0,0,1.0,0.0,1.0
47,0,1.0,0.0,1.0,0,1.0,0.0,1.0,0,1.0,0.0,1.0,0,1.0,0.0,1.0,0,1.0,0.0,1.0
48,0,1.0,0.0,1.0,0,1.0,0.0,1.0,0,1.0,0.0,1.0,0,1.0,0.0,1.0,0,1.0,0.0,1.0
51,0,1.0,0.0,1.0,0,1.0,0.0,1.0,0,1.0,0.0,1.0,0,1.0,0.0,1.0,0,1.0,0.0,1.0
53,0,1.0,0.0,1.0,0,1.0,0.0,1.0,0,1.0,0.0,1.0,0,1.0,0.0,1.0,1,0.94,0.94,0.91
54,0,1.0,0.0,1.0,0,1.0,0.0,1.0,0,1.0,0.0,1.0,0,1.0,0.0,1.0,0,1.0,0.0,1.0
55,0,1.0,0.0,1.0,0,1.0,0.0,1.0,0,1.0,0.0,1.0,0,1.0,0.0,1.0,0,1.0,0.0,0.99
56,0,1.0,0.0,1.0,0,1.0,0.0,1.0,0,1.0,0.0,1.0,0,1.0,0.0,1.0,0,0.99,0.0,0.98
57,1,1.0,1.0,1.0,0,1.0,0.0,1.0,0,1.0,0.0,1.0,0,1.0,0.0,1.0,0,1.0,0.0,1.0
58,0,1.0,0.0,1.0,0,1.0,0.0,1.0,1,1.0,1.0,1.0,0,1.0,0.0,1.0,1,0.56,0.56,0.34
59,0,1.0,0.0,1.0,0,1.0,0.0,1.0,0,1.0,0.0,1.0,0,1.0,0.0,1.0,0,1.0,0.0,1.0
60,0,1.0,0.0,1.0,0,1.0,0.0,1.0,0,1.0,0.0,0.99,0,1.0,0.0,1.0,0,1.0,0.0,1.0
61,0,1.0,0.0,1.0,0,1.0,0.0,1.0,0,1.0,0.0,1.0,0,1.0,0.0,1.0,0,1.0,0.0,0.99
62,0,1.0,0.0,1.0,0,1.0,0.0,1.0,0,1.0,0.0,1.0,0,1.0,0.0,1.0,0,1.0,0.0,1.0
63,0,1.0,0.0,1.0,0,1.0,0.0,0.99,0,1.0,0.0,1.0,0,1.0,0.0,1.0,0,0.96,0.01,0.94
64,0,1.0,0.0,1.0,0,1.0,0.0,1.0,0,1.0,0.0,1.0,0,1.0,0.0,1.0,0,1.0,0.0,1.0
67,0,1.0,0.0,1.0,0,1.0,0.0,1.0,0,1.0,0.0,1.0,0,1.0,0.0,1.0,0,1.0,0.0,1.0
68,0,1.0,0.0,1.0,0,1.0,0.0,1.0,0,1.0,0.0,1.0,0,1.0,0.0,1.0,0,0.99,0.01,0.99
69,0,1.0,0.0,1.0,0,1.0,0.0,1.0,0,1.0,0.0,1.0,0,1.0,0.0,1.0,0,1.0,0.0,1.0
70,0,1.0,0.0,1.0,0,1.0,0.0,1.0,0,1.0,0.0,1.0,0,1.0,0.0,1.0,0,1.0,0.0,1.0
75,0,1.0,0.0,1.0,1,1.0,1.0,0.99,0,1.0,0.0,1.0,0,1.0,0.0,1.0,0,0.91,0.08,0.86
76,0,1.0,0.0,1.0,0,1.0,0.0,1.0,0,1.0,0.0,1.0,0,1.0,0.0,1.0,0,1.0,0.0,1.0
79,0,1.0,0.0,1.0,0,1.0,0.0,1.0,0,1.0,0.0,1.0,0,1.0,0.0,1.0,1,0.95,0.95,0.91
82,0,1.0,0.0,1.0,0,1.0,0.0,1.0,0,1.0,0.0,1.0,0,1.0,0.0,1.0,0,1.0,0.0,1.0
83,0,1.0,0.0,1.0,0,1.0,0.0,1.0,0,1.0,0.0,1.0,0,1.0,0.0,1.0,0,0.85,0.14,0.77
85,0,1.0,0.0,1.0,0,1.0,0.0,1.0,0,1.0,0.0,1.0,0,1.0,0.0,1.0,0,1.0,0.0,1.0
87,0,1.0,0.0,1.0,0,1.0,0.0,1.0,0,1.0,0.0,1.0,0,1.0,0.0,1.0,0,1.0,0.0,1.0
88,0,1.0,0.0,1.0,0,1.0,0.0,1.0,0,1.0,0.0,1.0,0,1.0,0.0,1.0,0,1.0,0.0,1.0
89,0,1.0,0.0,1.0,0,1.0,0.0,1.0,0,1.0,0.0,1.0,0,1.0,0.0,1.0,0,1.0,0.0,1.0
90,0,1.0,0.0,1.0,0,1.0,0.0,1.0,0,1.0,0.0,1.0,0,1.0,0.0,1.0,0,1.0,0.0,1.0
92,0,1.0,0.0,1.0,0,1.0,0.0,1.0,0,1.0,0.0,1.0,0,1.0,0.0,1.0,0,1.0,0.0,1.0
93,0,1.0,0.0,1.0,0,1.0,0.0,0.99,0,1.0,0.0,1.0,0,1.0,0.0,1.0,0,0.64,0.31,0.45
94,0,1.0,0.0,1.0,0,1.0,0.0,1.0,0,1.0,0.0,1.0,0,1.0,0.0,1.0,0,1.0,0.0,1.0
95,0,1.0,0.0,1.0,1,1.0,1.0,1.0,0,1.0,0.0,1.0,0,1.0,0.0,1.0,1,0.93,0.93,0.88
96,0,1.0,0.0,1.0,0,1.0,0.0,1.0,0,1.0,0.0,1.0,0,1.0,0.0,1.0,0,1.0,0.0,1.0
97,0,1.0,0.0,1.0,0,1.0,0.0,1.0,1,0.99,0.99,0.99,0,1.0,0.0,1.0,0,0.98,0.02,0.97
98,0,1.0,0.0,1.0,0,1.0,0.0,1.0,0,1.0,0.0,1.0,0,1.0,0.0,1.0,0,1.0,0.0,1.0
99,0,1.0,0.0,1.0,0,0.95,0.05,0.93,0,1.0,0.0,1.0,0,1.0,0.0,1.0,0,1.0,0.0,1.0
100,1,0.96,0.96,0.94,0,1.0,0.0,1.0,0,0.97,0.03,0.94,0,1.0,0.0,1.0,1,0.98,0.98,0.97
102,0,1.0,0.0,1.0,0,1.0,0.0,1.0,0,1.0,0.0,1.0,0,1.0,0.0,1.0,0,1.0,0.0,1.0
103,0,1.0,0.0,1.0,1,1.0,1.0,0.99,1,0.99,0.99,0.99,0,1.0,0.0,1.0,0,1.0,0.0,1.0
105,0,1.0,0.0,1.0,0,0.96,0.02,0.94,0,1.0,0.0,1.0,0,1.0,0.0,1.0,0,1.0,0.0,1.0
106,0,0.96,0.0,0.94,0,0.95,0.0,0.93,0,0.95,0.0,0.92,0,0.97,0.0,0.96,0,0.97,0.0,0.95
107,1,1.0,1.0,1.0,0,1.0,0.0,1.0,0,1.0,0.0,1.0,0,1.0,0.0,1.0,0,1.0,0.0,1.0
112,0,1.0,0.0,1.0,0,1.0,0.0,1.0,0,0.58,0.41,0.37,0,1.0,0.0,1.0,0,1.0,0.0,1.0
113,0,1.0,0.0,1.0,0,1.0,0.0,1.0,0,1.0,0.0,1.0,0,1.0,0.0,1.0,0,1.0,0.0,1.0
114,0,1.0,0.0,1.0,0,1.0,0.0,1.0,0,1.0,0.0,1.0,0,1.0,0.0,1.0,0,1.0,0.0,1.0
115,0,1.0,0.0,1.0,0,0.98,0.02,0.97,0,1.0,0.0,1.0,0,1.0,0.0,1.0,0,1.0,0.0,1.0
116,0,1.0,0.0,1.0,0,1.0,0.0,1.0,0,1.0,0.0,1.0,0,1.0,0.0,1.0,0,1.0,0.0,0.99
117,0,1.0,0.0,1.0,0,1.0,0.0,1.0,0,1.0,0.0,1.0,0,1.0,0.0,1.0,0,1.0,0.0,1.0
118,0,1.0,0.0,1.0,0,1.0,0.0,1.0,0,1.0,0.0,1.0,0,1.0,0.0,1.0,0,1.0,0.0,1.0
119,0,1.0,0.0,1.0,0,1.0,0.0,1.0,0,1.0,0.0,1.0,0,1.0,0.0,1.0,0,0.59,0.39,0.39
120,0,1.0,0.0,1.0,0,1.0,0.0,1.0,0,1.0,0.0,1.0,0,1.0,0.0,1.0,0,1.0,0.0,1.0
121,0,0.98,0.01,0.97,0,0.97,0.01,0.96,0,0.99,0.0,0.99,0,0.99,0.0,0.99,0,0.88,0.04,0.81
122,1,0.9299999999999999,0.9299999999999999,0.91,0,1.0,0.0,0.99,0,1.0,0.0,1.0,0,1.0,0.0,1.0,0,1.0,0.0,1.0
124,0,0.95,0.0,0.92,0,0.87,0.01,0.81,0,0.88,0.01,0.82,0,0.96,0.0,0.94,0,0.93,0.0,0.89
126,0,1.0,0.0,1.0,0,1.0,0.0,1.0,0,1.0,0.0,1.0,0,1.0,0.0,1.0,0,1.0,0.0,1.0
129,0,1.0,0.0,1.0,0,1.0,0.0,1.0,0,1.0,0.0,1.0,0,1.0,0.0,1.0,0,1.0,0.0,0.99
130,0,1.0,0.0,1.0,0,1.0,0.0,1.0,0,1.0,0.0,1.0,0,1.0,0.0,1.0,0,0.87,0.12,0.8
131,0,1.0,0.0,1.0,0,1.0,0.0,1.0,1,1.0,1.0,1.0,0,1.0,0.0,1.0,0,1.0,0.0,0.99
135,0,1.0,0.0,1.0,0,1.0,0.0,1.0,0,1.0,0.0,1.0,0,1.0,0.0,1.0,0,1.0,0.0,1.0
136,0,1.0,0.0,1.0,0,1.0,0.0,1.0,1,0.99,0.99,0.98,0,1.0,0.0,1.0,0,1.0,0.0,1.0
138,0,1.0,0.0,0.99,0,1.0,0.0,1.0,0,1.0,0.0,1.0,0,1.0,0.0,1.0,0,1.0,0.0,1.0
139,0,1.0,0.0,1.0,0,1.0,0.0,1.0,1,1.0,1.0,1.0,0,1.0,0.0,1.0,0,0.99,0.01,0.98
141,0,1.0,0.0,1.0,0,1.0,0.0,1.0,0,1.0,0.0,1.0,0,1.0,0.0,1.0,0,1.0,0.0,1.0
142,0,1.0,0.0,1.0,0,1.0,0.0,1.0,0,1.0,0.0,1.0,0,1.0,0.0,1.0,0,1.0,0.0,1.0
143,0,1.0,0.0,1.0,0,1.0,0.0,1.0,0,1.0,0.0,1.0,0,1.0,0.0,1.0,0,1.0,0.0,1.0
144,0,1.0,0.0,1.0,0,1.0,0.0,1.0,1,0.99,0.99,0.98,0,1.0,0.0,1.0,0,1.0,0.0,1.0
145,0,1.0,0.0,1.0,0,1.0,0.0,1.0,0,1.0,0.0,1.0,0,1.0,0.0,1.0,0,1.0,0.0,1.0
146,0,1.0,0.0,1.0,0,1.0,0.0,1.0,0,1.0,0.0,1.0,0,1.0,0.0,1.0,0,1.0,0.0,1.0
147,0,1.0,0.0,1.0,0,1.0,0.0,1.0,0,1.0,0.0,1.0,0,1.0,0.0,1.0,0,0.98,0.01,0.97
148,0,1.0,0.0,1.0,0,1.0,0.0,1.0,0,1.0,0.0,1.0,0,1.0,0.0,1.0,1,0.85,0.85,0.77
149,0,1.0,0.0,1.0,0,1.0,0.0,1.0,1,0.99,0.99,0.98,0,1.0,0.0,1.0,0,1.0,0.0,1.0
150,0,1.0,0.0,1.0,0,1.0,0.0,1.0,0,1.0,0.0,1.0,0,1.0,0.0,1.0,0,1.0,0.0,1.0
152,0,1.0,0.0,1.0,0,1.0,0.0,1.0,0,1.0,0.0,1.0,0,1.0,0.0,1.0,0,1.0,0.0,1.0
153,0,1.0,0.0,1.0,0,0.98,0.02,0.96,0,1.0,0.0,1.0,0,1.0,0.0,1.0,0,0.91,0.08,0.87
154,1,0.93,0.93,0.89,0,0.93,0.05,0.9,0,1.0,0.0,1.0,0,1.0,0.0,1.0,0,1.0,0.0,1.0
155,0,1.0,0.0,1.0,0,1.0,0.0,1.0,0,1.0,0.0,1.0,0,1.0,0.0,1.0,0,1.0,0.0,1.0
157,0,1.0,0.0,1.0,0,1.0,0.0,1.0,1,0.99,0.99,0.98,0,1.0,0.0,1.0,0,0.97,0.02,0.95
158,0,1.0,0.0,1.0,0,1.0,0.0,1.0,0,1.0,0.0,1.0,0,1.0,0.0,1.0,0,1.0,0.0,1.0
159,0,1.0,0.0,1.0,0,1.0,0.0,1.0,0,1.0,0.0,1.0,0,1.0,0.0,1.0,0,1.0,0.0,1.0
160,0,1.0,0.0,1.0,0,0.91,0.07,0.88,0,1.0,0.0,1.0,0,1.0,0.0,1.0,0,1.0,0.0,0.99
161,0,1.0,0.0,1.0,0,1.0,0.0,1.0,1,1.0,1.0,1.0,0,1.0,0.0,1.0,0,0.99,0.01,0.98
162,0,1.0,0.0,1.0,0,1.0,0.0,1.0,0,1.0,0.0,1.0,0,1.0,0.0,1.0,0,0.87,0.12,0.8
163,0,1.0,0.0,1.0,0,1.0,0.0,1.0,0,1.0,0.0,1.0,0,1.0,0.0,1.0,0,1.0,0.0,1.0
165,0,1.0,0.0,1.0,0,0.98,0.0,0.96,0,1.0,0.0,1.0,0,1.0,0.0,0.99,0,0.99,0.0,0.98
166,0,1.0,0.0,1.0,0,1.0,0.0,1.0,0,1.0,0.0,1.0,0,1.0,0.0,1.0,0,1.0,0.0,1.0
167,0,0.98,0.0,0.97,0,0.87,0.01,0.8,0,0.92,0.01,0.88,0,0.92,0.02,0.89,0,0.93,0.0,0.88
168,0,1.0,0.0,1.0,0,1.0,0.0,1.0,0,1.0,0.0,1.0,0,1.0,0.0,1.0,0,0.95,0.04,0.94
169,1,0.99,0.99,0.98,0,1.0,0.0,1.0,0,1.0,0.0,1.0,0,1.0,0.0,1.0,0,1.0,0.0,1.0
171,0,1.0,0.0,1.0,0,1.0,0.0,1.0,0,1.0,0.0,0.99,0,1.0,0.0,1.0,0,1.0,0.0,1.0
173,0,1.0,0.0,1.0,0,1.0,0.0,1.0,0,1.0,0.0,1.0,0,1.0,0.0,1.0,0,1.0,0.0,1.0
174,0,1.0,0.0,0.99,0,1.0,0.0,0.99,0,1.0,0.0,0.99,0,1.0,0.0,1.0,0,1.0,0.0,0.99
175,1,0.9400000000000001,0.9400000000000001,0.9,1,0.71,0.71,0.57,0,1.0,0.0,1.0,0,1.0,0.0,1.0,0,1.0,0.0,1.0
179,0,0.96,0.04,0.93,1,0.86,0.86,0.8,0,1.0,0.0,1.0,0,1.0,0.0,1.0,1,0.98,0.98,0.97
180,0,0.95,0.02,0.92,1,0.4,0.4,0.09,0,1.0,0.0,1.0,1,0.97,0.97,0.94,0,0.98,0.01,0.96
182,0,1.0,0.0,1.0,0,1.0,0.0,1.0,0,1.0,0.0,1.0,0,1.0,0.0,1.0,0,1.0,0.0,1.0
183,0,1.0,0.0,1.0,0,1.0,0.0,1.0,0,1.0,0.0,1.0,0,1.0,0.0,1.0,0,1.0,0.0,1.0
185,0,1.0,0.0,1.0,0,1.0,0.0,1.0,0,1.0,0.0,1.0,0,1.0,0.0,1.0,0,1.0,0.0,1.0
186,0,1.0,0.0,1.0,0,1.0,0.0,1.0,0,1.0,0.0,1.0,0,1.0,0.0,1.0,0,0.99,0.01,0.98
188,0,1.0,0.0,1.0,0,0.5,0.45,0.24,0,1.0,0.0,1.0,0,1.0,0.0,1.0,0,0.99,0.01,0.98
190,0,1.0,0.0,1.0,0,0.94,0.05,0.92,0,1.0,0.0,1.0,0,1.0,0.0,1.0,0,0.96,0.04,0.93
191,0,1.0,0.0,1.0,0,1.0,0.0,0.99,0,0.84,0.14,0.76,0,1.0,0.0,1.0,0,1.0,0.0,1.0
197,0,1.0,0.0,1.0,0,1.0,0.0,1.0,0,1.0,0.0,1.0,0,1.0,0.0,1.0,0,1.0,0.0,1.0
199,0,0.99,0.0,0.98,0,0.98,0.0,0.97,0,0.99,0.0,0.98,0,0.99,0.0,0.99,0,0.93,0.01,0.89
200,0,1.0,0.0,1.0,0,1.0,0.0,1.0,0,1.0,0.0,1.0,0,1.0,0.0,1.0,0,1.0,0.0,1.0
201,0,1.0,0.0,1.0,0,1.0,0.0,1.0,0,1.0,0.0,1.0,0,1.0,0.0,1.0,0,1.0,0.0,0.99
202,0,1.0,0.0,1.0,0,1.0,0.0,1.0,1,1.0,1.0,1.0,0,1.0,0.0,1.0,0,1.0,0.0,0.99
204,0,0.97,0.0,0.95,0,0.93,0.0,0.89,0,0.87,0.01,0.8,0,0.97,0.0,0.95,0,0.84,0.07,0.76
205,0,1.0,0.0,1.0,0,0.99,0.0,0.99,0,1.0,0.0,1.0,0,1.0,0.0,1.0,0,0.98,0.0,0.97
207,0,0.99,0.0,0.99,0,0.97,0.0,0.95,0,0.99,0.0,0.98,0,0.99,0.0,0.98,0,0.93,0.0,0.89
208,0,1.0,0.0,1.0,0,1.0,0.0,1.0,0,1.0,0.0,1.0,0,1.0,0.0,1.0,0,0.98,0.01,0.98
209,0,1.0,0.0,1.0,0,1.0,0.0,1.0,0,1.0,0.0,1.0,0,1.0,0.0,1.0,0,1.0,0.0,1.0
210,0,1.0,0.0,1.0,0,1.0,0.0,1.0,0,1.0,0.0,1.0,0,1.0,0.0,1.0,0,1.0,0.0,1.0
211,0,1.0,0.0,1.0,0,1.0,0.0,1.0,0,1.0,0.0,1.0,0,1.0,0.0,1.0,0,1.0,0.0,1.0
212,0,1.0,0.0,0.99,1,1.0,1.0,0.99,0,1.0,0.0,1.0,0,1.0,0.0,1.0,0,0.9,0.1,0.84
213,0,1.0,0.0,1.0,0,1.0,0.0,1.0,0,1.0,0.0,1.0,0,1.0,0.0,1.0,0,0.99,0.0,0.98
214,0,0.99,0.01,0.98,0,1.0,0.0,1.0,0,1.0,0.0,1.0,0,1.0,0.0,1.0,0,1.0,0.0,1.0
217,0,1.0,0.0,1.0,0,1.0,0.0,1.0,0,1.0,0.0,1.0,0,1.0,0.0,1.0,1,0.92,0.92,0.88
219,0,1.0,0.0,1.0,0,1.0,0.0,1.0,0,1.0,0.0,1.0,0,1.0,0.0,1.0,0,1.0,0.0,1.0
223,0,1.0,0.0,1.0,0,0.99,0.01,0.99,1,0.99,0.99,0.99,0,1.0,0.0,1.0,0,0.97,0.02,0.95
226,0,1.0,0.0,1.0,0,1.0,0.0,1.0,0,1.0,0.0,1.0,0,1.0,0.0,1.0,0,1.0,0.0,0.99
227,0,0.88,0.11,0.81,0,1.0,0.0,1.0,0,1.0,0.0,1.0,0,1.0,0.0,1.0,1,0.78,0.78,0.67
228,0,0.99,0.0,0.99,0,0.99,0.0,0.99,0,0.98,0.0,0.96,0,0.99,0.0,0.99,0,0.99,0.0,0.98
229,0,1.0,0.0,1.0,0,1.0,0.0,1.0,0,1.0,0.0,1.0,0,1.0,0.0,1.0,0,1.0,0.0,1.0
230,0,1.0,0.0,1.0,0,1.0,0.0,1.0,0,1.0,0.0,1.0,0,1.0,0.0,1.0,0,1.0,0.0,1.0
231,1,0.99,0.99,0.98,0,0.9299999999999999,0.05,0.91,0,1.0,0.0,1.0,0,1.0,0.0,1.0,0,1.0,0.0,1.0
232,1,1.0,1.0,1.0,0,1.0,0.0,1.0,0,1.0,0.0,1.0,0,1.0,0.0,1.0,0,1.0,0.0,0.99
233,0,1.0,0.0,1.0,0,1.0,0.0,1.0,0,1.0,0.0,1.0,0,1.0,0.0,1.0,1,0.9,0.9,0.86
235,0,1.0,0.0,1.0,0,1.0,0.0,1.0,0,1.0,0.0,1.0,0,1.0,0.0,1.0,0,1.0,0.0,1.0
236,1,0.99,0.99,0.99,0,1.0,0.0,1.0,0,1.0,0.0,1.0,0,1.0,0.0,1.0,0,1.0,0.0,1.0
237,0,1.0,0.0,1.0,0,1.0,0.0,0.99,0,1.0,0.0,1.0,0,1.0,0.0,1.0,0,0.96,0.03,0.94
238,1,0.55,0.55,0.32,1,1.0,1.0,1.0,0,1.0,0.0,1.0,0,1.0,0.0,1.0,1,0.99,0.99,0.99
240,0,1.0,0.0,1.0,0,1.0,0.0,1.0,0,1.0,0.0,1.0,0,1.0,0.0,1.0,1,0.91,0.91,0.86
242,0,1.0,0.0,1.0,0,1.0,0.0,1.0,1,0.56,0.56,0.34,0,1.0,0.0,1.0,0,1.0,0.0,0.99
243,0,1.0,0.0,1.0,0,1.0,0.0,1.0,1,0.94,0.94,0.91,0,1.0,0.0,1.0,0,0.99,0.01,0.98
245,0,1.0,0.0,0.99,0,0.98,0.0,0.96,0,0.99,0.0,0.99,0,1.0,0.0,1.0,0,0.99,0.0,0.98
246,0,1.0,0.0,1.0,0,0.99,0.0,0.99,0,1.0,0.0,1.0,0,1.0,0.0,1.0,1,1.0,1.0,1.0
248,0,1.0,0.0,1.0,0,0.99,0.01,0.98,0,1.0,0.0,0.99,0,1.0,0.0,0.99,0,0.98,0.01,0.98
252,0,1.0,0.0,1.0,0,1.0,0.0,1.0,0,1.0,0.0,1.0,0,1.0,0.0,1.0,0,1.0,0.0,1.0
254,1,0.99,0.99,0.99,0,1.0,0.0,1.0,0,1.0,0.0,1.0,0,1.0,0.0,1.0,0,1.0,0.0,1.0
255,0,1.0,0.0,1.0,0,1.0,0.0,1.0,0,1.0,0.0,1.0,0,1.0,0.0,1.0,0,0.96,0.04,0.94
256,0,1.0,0.0,1.0,0,1.0,0.0,1.0,0,1.0,0.0,1.0,0,1.0,0.0,1.0,0,1.0,0.0,1.0
257,0,0.53,0.46,0.29,0,1.0,0.0,1.0,0,1.0,0.0,1.0,0,1.0,0.0,1.0,1,0.8,0.8,0.7
259,0,1.0,0.0,1.0,1,1.0,1.0,1.0,0,1.0,0.0,1.0,0,1.0,0.0,1.0,0,1.0,0.0,0.99
260,0,1.0,0.0,1.0,0,1.0,0.0,1.0,0,1.0,0.0,1.0,0,1.0,0.0,1.0,0,1.0,0.0,1.0
262,0,1.0,0.0,1.0,0,1.0,0.0,1.0,0,1.0,0.0,1.0,0,1.0,0.0,1.0,0,1.0,0.0,0.99
265,1,1.0,1.0,1.0,0,0.99,0.01,0.98,1,1.0,1.0,1.0,0,1.0,0.0,1.0,1,0.72,0.72,0.58
270,0,1.0,0.0,1.0,0,1.0,0.0,1.0,0,1.0,0.0,1.0,0,1.0,0.0,1.0,0,0.99,0.01,0.99
271,0,1.0,0.0,1.0,0,1.0,0.0,1.0,0,1.0,0.0,1.0,0,1.0,0.0,1.0,0,1.0,0.0,1.0
272,0,1.0,0.0,1.0,0,1.0,0.0,1.0,0,0.92,0.08,0.88,0,1.0,0.0,1.0,1,0.71,0.71,0.57
273,0,1.0,0.0,1.0,0,1.0,0.0,1.0,0,1.0,0.0,1.0,0,1.0,0.0,1.0,1,0.85,0.85,0.78
274,0,1.0,0.0,1.0,0,1.0,0.0,1.0,0,1.0,0.0,1.0,0,1.0,0.0,1.0,0,0.99,0.01,0.99
276,0,1.0,0.0,1.0,1,1.0,1.0,0.99,0,1.0,0.0,1.0,0,1.0,0.0,1.0,1,0.73,0.73,0.6
277,0,1.0,0.0,1.0,0,1.0,0.0,1.0,0,1.0,0.0,1.0,0,1.0,0.0,1.0,0,1.0,0.0,1.0
278,0,1.0,0.0,1.0,0,1.0,0.0,1.0,0,1.0,0.0,1.0,0,1.0,0.0,1.0,0,1.0,0.0,1.0
281,0,0.94,0.0,0.91,1,1.0,1.0,0.99,0,1.0,0.0,1.0,0,0.99,0.0,0.99,0,0.84,0.16,0.76
283,0,1.0,0.0,1.0,0,1.0,0.0,1.0,0,1.0,0.0,1.0,0,1.0,0.0,1.0,0,1.0,0.0,1.0
285,0,1.0,0.0,1.0,0,1.0,0.0,1.0,0,1.0,0.0,1.0,0,1.0,0.0,1.0,0,1.0,0.0,1.0
286,0,1.0,0.0,1.0,0,1.0,0.0,1.0,0,0.98,0.02,0.97,0,1.0,0.0,1.0,0,0.98,0.02,0.96
289,0,1.0,0.0,1.0,0,1.0,0.0,1.0,0,1.0,0.0,1.0,0,1.0,0.0,1.0,1,0.99,0.99,0.98
292,0,0.97,0.01,0.95,0,1.0,0.0,0.99,0,0.99,0.0,0.98,0,1.0,0.0,0.99,0,0.98,0.01,0.98
294,0,1.0,0.0,1.0,0,1.0,0.0,1.0,0,1.0,0.0,1.0,0,1.0,0.0,1.0,0,1.0,0.0,1.0
295,0,1.0,0.0,1.0,0,1.0,0.0,1.0,0,1.0,0.0,1.0,0,1.0,0.0,1.0,0,1.0,0.0,1.0
297,0,0.97,0.0,0.95,0,0.9,0.0,0.85,0,0.68,0.1,0.53,0,0.95,0.0,0.92,0,0.92,0.0,0.88
298,0,0.94,0.02,0.92,0,0.98,0.01,0.97,0,0.99,0.0,0.98,0,1.0,0.0,1.0,0,0.98,0.01,0.98
299,0,1.0,0.0,1.0,0,1.0,0.0,1.0,0,1.0,0.0,1.0,0,1.0,0.0,1.0,0,1.0,0.0,1.0
