topic,base_complaining,base_reviews,recent_complaining,recent_reviews,base_rate,recent_rate,change,base_share_of_complaints,recent_share_of_complaints
room.bathroom,11479,130860,12819,129968,0.08771970044322176,0.09863197094669457,0.010912270503472807,0.12897462978360036,0.1418140785237795
room.equipment,16496,130860,17752,129968,0.1260583830047379,0.13658746768435306,0.010529084679615164,0.1853441495696726,0.19638688836524953
location.general,9394,130860,10517,129968,0.07178664221305212,0.08091991874923057,0.009133276536178458,0.10554818992831622,0.11634750478466253
cleanliness.general,6545,130860,7607,129968,0.050015283509093685,0.058529791948787394,0.008514508439693709,0.07353767331071212,0.08415474649585698
staff.people,14456,130860,15431,129968,0.11046920372917622,0.11872922565554599,0.008260021926369765,0.16242331632997012,0.17071012135895478
room.general,21809,130860,22625,129968,0.1666590249121198,0.17408131232303337,0.007422287410913553,0.24503943731601538,0.2502959299945792
room.climate,5548,130860,6401,129968,0.042396454225890265,0.04925058475932537,0.0068541305334351085,0.062335677849935954,0.07081300543183654
room.bed,8482,130860,8920,129968,0.06481736206633043,0.06863227871476056,0.0038149166484301306,0.095301229185861,0.09868020753819433
facilities.access,5739,130860,6153,129968,0.04385602934433746,0.04734242275021544,0.0034863934058779814,0.06448169704051594,0.06806943015498988
noise.general,9112,130860,9454,129968,0.06963166743084212,0.07274098239566662,0.0031093149648245,0.1023797218040044,0.10458774462624318
room.view,3541,130860,3835,129968,0.027059452850374446,0.029507263326357256,0.0024478104759828104,0.03978562279499337,0.04242585155930216
food.dining,13418,130860,13628,129968,0.10253706250955219,0.10485658008125077,0.0023195175716985844,0.1507606570638862,0.15076388658413814
cleanliness.odour,2278,130860,2545,129968,0.01740791685771053,0.019581743198325743,0.0021738263406152133,0.0255949304510011,0.028154834998285267
staff.checkin,3746,130860,4001,129968,0.028626012532477457,0.03078450080019697,0.0021584882677195133,0.0420889418215321,0.044262276946223714
staff.response,1185,130860,1438,129968,0.009055479138010088,0.011064261972177768,0.00200878283416768,0.013314307543650705,0.01590831148429635
cleanliness.linen,2248,130860,2467,129968,0.01717866422130521,0.01898159546965407,0.0018029312483488595,0.025257859373946652,0.02729193632250285
facilities.parking,2167,130860,2307,129968,0.016559682103010852,0.017750523205712174,0.0011908411027013212,0.02434776746589964,0.025521887756795328
value.price,13834,130860,13875,129968,0.10571603240103927,0.10675704788871107,0.001041015487671798,0.15543470933237455,0.15349639905744913
cleanliness.pests,291,130860,423,129968,0.002223750573131591,0.0032546472977963807,0.0010308967246647899,0.0032695894474281477,0.00467956589558926
facilities.common,6163,130860,6236,129968,0.047096133272199296,0.04798104148713529,0.0008849082149359963,0.06924563492955214,0.06898764284845066
room.storage,1428,130860,1532,129968,0.010912425492893169,0.011787516927243629,0.0008750914343504598,0.016044583267791734,0.016948215016649518
facilities.leisure,3379,130860,3440,129968,0.025821488613785724,0.02646805367475071,0.0006465650609649848,0.03796543897889935,0.038056044162711716
facilities.kitchen,669,130860,735,129968,0.005112333791838606,0.005655238212483073,0.0005429044206444666,0.007516685018314195,0.008131160598718927
room.comfort,1195,130860,1210,129968,0.009131896683478526,0.009309983996060568,0.00017808731258204223,0.013426664569335521,0.013385992278163132
facilities.family,242,130860,236,129968,0.0018493046003362373,0.0018158315893142928,-3.3473011021944435e-05,0.002719040021572549,0.002610821634418594
room.size,6654,130860,6477,129968,0.05084823475469968,0.04983534408469777,-0.0010128906700019036,0.07476236489067661,0.0716537785005476
value.charges,5915,130860,5712,129968,0.045200978144581995,0.0439492798227256,-0.0012516983218563982,0.0664591806925687,0.06319073379575853
facilities.wifi,3500,130860,3248,129968,0.026746140913953845,0.024990766958020435,-0.0017553739559334099,0.039324958989685625,0.03593198588386269
food.breakfast,13397,130860,12953,129968,0.10237658566406847,0.0996629939677459,-0.0027135916963225704,0.1505247073099481,0.14329649419755955
