topic,hotels,base_rate,recent_rate,recent_rate_base_mix,raw_change,within_hotel_change,mix_effect
room.bathroom,863,0.08766882709596488,0.09984147881458395,0.09966336902396382,0.012172651718619074,0.011994541927998939,0.00017810979062013454
room.equipment,863,0.12683253188375496,0.13782387132020385,0.13689905879906958,0.010991339436448894,0.010066526915314622,0.0009248125211342717
room.general,863,0.16681580597951076,0.17488379591069078,0.17685988746237932,0.00806798993118002,0.010044081482868561,-0.0019760915516885413
cleanliness.general,863,0.05042860129625758,0.05988876649023348,0.05839297215816824,0.009460165193975904,0.00796437086191066,0.001495794332065245
staff.people,863,0.11223081747856993,0.12057461690713525,0.11971422301592283,0.008343799428565321,0.007483405537352897,0.0008603938912124243
room.climate,863,0.042408530211164544,0.05022524337927761,0.049743733090761064,0.007816713168113068,0.00733520287959652,0.0004815102885165484
room.bed,863,0.0660673217645829,0.07193458538201815,0.07128256455112522,0.005867263617435253,0.005215242786542326,0.0006520208308929271
location.general,863,0.07207192138825005,0.0811682205325237,0.07726980433449718,0.00909629914427365,0.005197882946247123,0.0038984161980265275
noise.general,863,0.07014844240016727,0.07384221320651639,0.07409079643528713,0.0036937708063491254,0.0039423540351198605,-0.00024858322877073513
facilities.access,863,0.043780054359188796,0.047977287586089545,0.0473524397728043,0.00419723322690075,0.0035723854136155073,0.0006248478132852425
cleanliness.odour,863,0.017461844030942923,0.020043526155995594,0.019457213845032375,0.0025816821250526714,0.0019953698140894524,0.000586312310963219
room.view,863,0.027564290194438637,0.029814521257064044,0.029436142934971782,0.0022502310626254067,0.0018718527405331455,0.00037837832209226124
staff.response,863,0.009241062094919506,0.011230822966764286,0.01111152891284347,0.0019897608718447805,0.0018704668179239641,0.00011929405392081642
staff.checkin,863,0.02948776918252143,0.0314266011087527,0.031198924106226635,0.0019388319262312707,0.0017111549237052055,0.0002276770025260652
value.price,863,0.10644365461007736,0.10859149000958292,0.10815199349284366,0.0021478353995055544,0.0017083388827662943,0.00043949651673926005
cleanliness.linen,863,0.017369851557599833,0.019237486230151268,0.018762513822803632,0.0018676346725514346,0.0013926622652037993,0.0004749724073476354
cleanliness.pests,863,0.002249634120844658,0.00330476369596174,0.003140904119346824,0.0010551295751170821,0.000891269998502166,0.0001638595766149161
room.storage,863,0.010863474806606732,0.011257690964292431,0.011587552980041084,0.0003942161576856989,0.0007240781734343515,-0.0003298620157486526
facilities.common,863,0.047008153878319046,0.048057891578673975,0.04765560395215877,0.0010497377003549288,0.0006474500738397268,0.000402287626515202
room.comfort,863,0.008965084674890236,0.009376931137322336,0.009504408646863697,0.0004118464624321,0.0005393239719734613,-0.00012747750954136133
food.dining,863,0.10400167259042442,0.10537628630538166,0.10451332427581282,0.001374613714957243,0.0005116516853884007,0.0008629620295688423
facilities.parking,863,0.017052059376960065,0.018037382340560824,0.01744853346273393,0.0009853229636007585,0.00039647408577386453,0.000588848877826894
facilities.kitchen,863,0.005151578507213046,0.00544524749903723,0.005240605428865459,0.00029366899182418395,8.90269216524131e-05,0.00020464207017177084
room.size,863,0.04984319464771064,0.048371351549835656,0.04983715003850891,-0.0014718430978749864,-6.0446092017343855e-06,-0.001465798488673252
facilities.family,863,0.001898390131716496,0.001898671825322192,0.0018410421631505042,2.816936056960779e-07,-5.734796856599186e-05,5.762966217168794e-05
facilities.leisure,863,0.026343299184612166,0.026778437536383745,0.02596857887380196,0.0004351383517715787,-0.00037472031081020596,0.0008098586625817847
value.charges,863,0.045979510767300856,0.044654611891775706,0.04411050643989693,-0.0013248988755251503,-0.001869004327403924,0.0005441054518787736
facilities.wifi,863,0.026109136525193394,0.024611085735780112,0.023809945367621068,-0.001498050789413282,-0.0022991911575723258,0.0008011403681590437
food.breakfast,863,0.1023207192138825,0.09955488684095042,0.0988405504245549,-0.002765832372932084,-0.003480168789327595,0.0007143364163955113
