dimension,segment,base_share,recent_share,change
nationality,United Kingdom,0.5100183402109124,0.46577619106241536,-0.044242149148497056
nationality,Other,0.26798869020327065,0.28688600270835896,0.018897312505088304
nationality,United States of America,0.06409139538438026,0.07748061061184291,0.013389215227462656
nationality,Australia,0.03550359162463702,0.041425581681644716,0.005921990057007699
nationality,Ireland,0.027815986550511998,0.03238489474332143,0.004568908192809432
nationality,Germany,0.015016047684548372,0.016296319093930815,0.0012802714093824424
nationality,Saudi Arabia,0.0151077487391105,0.013834174566047026,-0.0012735741730634728
nationality,Canada,0.013938560293443375,0.015203742459682383,0.0012651821662390088
nationality,United Arab Emirates,0.017109888430383614,0.017627415979317985,0.0005175275489343704
nationality,Switzerland,0.016857710530337765,0.016442508925273915,-0.0004152016050638502
nationality,Netherlands,0.016552040348464008,0.01664255816816447,9.051781970046205e-05
traveller_type,Family with young children,0.059972489683631364,0.18247568632278716,0.12250319663915579
traveller_type,Family with older children,0.08538896530643436,0.0008540563831096886,-0.08453490892332467
traveller_type,Couple,0.5148479290845178,0.4421626861996799,-0.07268524288483791
traveller_type,Group,0.12394161699526211,0.14957528006894005,0.02563366307367794
traveller_type,Solo traveler,0.21238728412043406,0.217330419795642,0.0049431356752079325
traveller_type,Travelers with friends,0.003461714809720312,0.007601871229841192,0.00414015642012088
trip_type,Unknown,0.02810637322329207,0.03194632524929213,0.003839952026000064
trip_type,Leisure trip,0.8054332874828061,0.8033746768435307,-0.002058610639275371
trip_type,Business trip,0.1664603392939019,0.16467899790717716,-0.0017813413867247274
