month,reviews,complaint_text_share
2015-09,19689,0.6469602316014018
2015-10,19449,0.6520643734896395
2015-11,18039,0.6378956704917124
2015-12,17914,0.6167243496706487
2016-01,19494,0.612547450497589
2016-02,18835,0.6720467215290682
2016-03,20722,0.6733905993629958
2016-04,21470,0.6831858407079646
2016-05,23053,0.6835119073439465
2016-06,20919,0.6873177494144079
2016-07,25861,0.6800587757627315
2016-08,27249,0.6829608425997284
2016-09,22648,0.6941451783821971
2016-10,24323,0.7042716770135263
2016-11,17900,0.6983240223463687
2016-12,21657,0.6836126887380524
2017-01,22623,0.6784246121204084
2017-02,19498,0.6894040414401477
2017-03,20351,0.6984914746204117
2017-04,21381,0.6997334081661288
2017-05,23401,0.6978761591384983
2017-06,21935,0.6890357875541372
2017-07,23402,0.6978036065293565
