item,raw_row,review_id,period,in_R,drawn_for,lex_bathroom,lex_cleanliness,lex_air_conditioning,lex_pests,lex_responsiveness,in_B,text_sha256
1,344672,344129,base,1,,1,0,1,0,0,0,25ef6c1273a3148b1922e4d9e270522f059d9856c088d85a32a70e86de20b753
2,411835,411287,recent,1,,0,0,0,0,0,0,31f38a5577aa55841c7fdacd1e0194dad597b46802ae966309d7746da3674b95
3,31787,31785,base,1,,1,0,0,0,0,0,13fae96d24bf61319f9289b8efd5f3888c52113dd8e46b18d58164583eb93d0d
4,203551,203163,base,1,,1,0,0,0,0,0,9f78ee8a56746e686374f00e4dc26d40477fa1433b9077c1bdce317b61707d8d
5,202772,202384,recent,1,,0,0,0,0,0,0,9d2fe5a6614a1ff7bb2d9a378054f281b99a0adf944257053c01d0bcb6e7b5f4
6,498629,498065,recent,1,,0,0,0,0,0,0,2a1fb2d0352583acc5f224335ee6c5ebb9de88b0502600817ba256e24d1d14d6
7,23702,23701,recent,1,,0,0,0,0,0,0,ccdda96e505c7b8633a871c710954f848433efad8dff04c88ce9f4a9c26e14a7
8,500138,499574,base,1,,0,0,0,0,0,0,781b6a688e4202693b6aedc72c63ac453446f345d9f8c9e4a1c5ea6f062ce22b
9,422500,421952,base,1,,0,0,0,0,0,0,f448729e957ddddfa75e697104aefdf1f21b590bfd1421f9db59b96a87f48f03
10,387770,387224,base,1,,0,0,0,0,0,0,1c19948b557e324dd9c3842a54f4c698a43dc56c1e3b9bb26bd001daba0538a7
11,73560,73524,recent,1,,0,0,0,0,0,0,d7359bc041bcab5e131dadf7c814898d35cb59e7fa035545e713a482f28903e8
12,37282,37279,base,1,,0,0,0,1,0,0,90957eab8e45959bec225b0ca137652e4febce992a71ec059921aa0d225bb0d7
13,412147,411599,base,1,,0,0,0,0,0,0,320779cf33453771f21ba6a1c07ab4d37d674538cb86be5e49d3a5f7567b5603
14,15111,15111,recent,1,,0,0,0,0,0,0,b2046f5dbec9c9306ba445aba3b4d1c8b3b5ec80a8564c93d0c29518581a734c
15,421212,420664,base,1,,0,0,0,0,0,0,4df9867f0e3dd4c2b50ed50e1b770e6837a7873c979d42664b1d52d61fe82fa7
16,490562,490002,base,1,,0,0,0,0,0,0,dba06fb45d46e67abbead255af639f948805380a48c7318ca2f88fee6d06dcf4
17,507232,506668,base,1,,0,0,0,0,0,0,b5bb07207c0ed2ba63a9080e229e33452bd7e0addb2df8d8a936c4025e48d53f
18,113829,113792,base,1,,0,1,0,0,0,0,4e4625b44f59169cd93c5a9a4d8a216b6acd25738b8acc9e3762a750c21137da
19,370342,369797,recent,1,,0,0,0,0,0,0,f13f0a44d21399b6ea1af02a30630d27d9ee7b65ba1bcd72d873396a95513b5c
20,27914,27912,base,1,,0,0,0,0,0,0,e21270163de33d45edfc9954ecb343b891df87b811ad6aa27524fc7371126f35
21,413215,412667,base,1,,0,0,0,0,0,0,736c51f7d0fd7db582399be3b3b3665930027474d4c03598f70d5b3729ba678b
22,58257,58253,base,1,,0,0,0,0,0,0,25453fa31f85876e1fd56db47fd5c16e20c6662a1b8478f669ba6b4798f64903
23,409337,408789,base,1,,0,0,0,0,0,0,ce22e37661d6a2a79369d2269043dbed2375805cfbddce08bf24da2d74feaca1
24,245465,244986,recent,1,,0,1,0,0,0,0,cf7b91b0bc092cf279e42fed4d2103dd6ad3f406ae5c1d2d91a409a95b0c6fba
25,143117,143079,base,1,,0,0,0,0,0,0,b6aac0c542d03bfd56a1006f10f66bdfe0575bbe047bb3a47ed68daacac5d7e9
26,281034,280504,recent,1,,0,0,0,0,0,0,99883b2054b693e9d33639738173a62b085085fc7fc6c1c6eaf68c443a739f72
27,455139,454587,base,1,,0,0,0,0,0,0,413c44d9d5ef7b8305044f32313e11306d37af07a6d8cc77fa441db139cf047c
28,315838,315299,recent,1,,0,0,0,0,0,0,8eb7b169789a4655857bf87caf2735c0fac83e6babbc77233ae29c51c4d2bccf
29,110718,110681,base,1,,0,0,0,0,0,0,b0c7c1873cbb8b2cb8f1665f2618af15d3b0c0c3db54640549491f015c817e65
30,27104,27102,recent,1,,0,0,0,0,0,0,e8932023dff152c50d6a1bd938b8d07cc19625f9befb1a12dde19ad30661aac2
31,514178,513613,recent,1,,0,1,0,0,0,0,ad1655a11f7fa73078347ac3124fda3da00c2d733ad2f7799d5a85ecae1de8ce
32,43302,43299,recent,1,,0,0,0,0,0,0,efeede76e1e8b4c6acbc4ef7d2f30d63240edf8bc66b47a07debba9ee78d8a11
33,96187,96151,recent,1,,1,0,0,0,0,0,dd6dd542812e6bc2e8b879dc0b57f78278c78a7004b3e980242d30b6c0242ae2
34,32700,32698,recent,1,,0,0,0,0,0,0,67e4781dce2067cd4a5935e97f12acb291d35482fb9aa516ed7087d3721c2c70
35,62588,62583,base,1,,0,0,1,0,0,0,618015e0683832511e5e2f29b3e528464ab88ba372ecd924b8ca3477e8935a58
36,81310,81274,base,1,,1,0,0,0,0,0,b7f535fc0b81a143545183fce833fb448194db9748fe55d8664cdca1afee5c97
37,354477,353933,recent,1,,0,0,0,0,0,0,79088a865bbb63413bd4b86afdd60e0f82c4b56b492f2f04e612cb5b42806ee4
38,277103,276573,recent,1,,1,1,1,0,0,0,184747615f196137d2b0d99be72d1011d63f8fb353e5180b3c8e91414ee4180c
39,493607,493046,recent,1,,0,0,0,0,0,0,045c05b16c3a197c5ea82729d5ba55fb2bbda27b30a28b7a2c15c84f7644fe7c
40,397605,397057,base,1,,0,0,0,0,0,0,51e31185ee8847a46ab83f1f13ecd1bb8009fc9ee1a41c73be2fac9ff131e960
41,333796,333256,recent,1,,0,0,0,0,0,0,74dd4b251b3ebc2cbc263fce249ba8a6b6af83c3f1e1c038d653c63292dea8a7
42,64021,64016,recent,1,,0,0,1,0,0,0,61c73825c808953455ba76bb78156622fc130c25a19dc89a08b0c3bc4c97be15
43,217559,217170,recent,1,,0,0,0,0,0,0,af5d102cdc32458126d56a2824252edad2850b34b12bc131026e9ff783f48c21
44,233344,232953,base,1,,0,0,0,0,0,0,66babe32e6f3914cbb73f37766fbf25550fd50df897da9b9c6a7dede9787b254
45,322241,321702,recent,1,,0,0,1,0,0,0,2c1dc4d02b64a88839f87c0a1dd7f00325a4cb8c3a8b7ef2e8d1564c90c2a0d5
46,165115,165077,base,1,,0,0,0,0,0,0,a6ba1e983b006dc8747d266134c2c3ee484f5b404871eca1a75bba1966987ae5
47,196943,196555,base,1,,0,0,0,0,0,0,c654e5f44c56bca289e37295dc1f16f6c128445cc0b8661762ac50e6d09b1760
48,19870,19870,base,1,,0,0,0,0,0,0,73cba6f902803138fac3757606a1ebf159e0b8f7c773ab895dae876ce003a2a3
49,394449,393902,recent,1,,0,0,0,0,0,0,ec1ef12b122350e329577f317f1698e06a7c9336fe88ea939144803d7ee5fa1e
50,128232,128194,recent,1,,0,0,0,0,0,0,5d633f69b4384f8c20cbe50eb1a3ecf67f1c71a869fbe87f7c933bf3298a3299
51,16093,16093,recent,1,,0,0,0,0,0,0,59eaee85d99d19822531216d88f394dada0388ca3bb0b0510bea4147026adb37
52,497866,497302,base,1,,0,1,0,0,0,0,dd19edc9f383c5af0c7fb942f4995310e75869ed8af5fd34d63bdf80b72e04cc
53,312466,311928,base,1,,0,0,0,0,0,0,3df50882ae5b82467062473a3f3a0c1622626e345fccbf45841d2e84fbb30ea5
54,21031,21031,base,1,,1,0,0,0,0,0,fd2b53f4f95b6b138bcc9ce64c9c4b25a1c1055eaaa6bc847481bbe09b008772
55,318307,317768,base,1,,0,1,0,0,0,0,4cd03f97d7b7fd935e2084f0f830b1e2149be1e882c2ec0a2fe6ec8eca33a787
56,82046,82010,recent,1,,0,0,0,0,0,0,5aecc2ebb1abfeec6256249abd6d400341424573d38857b4c500af59c83dd5ef
57,235938,235547,base,1,,1,0,0,0,0,0,d2a61c712d39b9cc3f546a3844b20e81cbdd08a028b1a082ea598f09c6ada219
58,144507,144469,recent,1,,0,0,1,0,0,0,6e756201fe30d892e7bd5bae3506a1386e34d28e80572d61d1c7488053a28a2b
59,180777,180391,recent,1,,0,0,0,0,0,0,3f7aa07336f0068e4019aa66016e215ac85207a617ad34ac0d8de02ccbf58b3f
60,369418,368873,base,1,,0,0,0,0,0,0,d666804e687f6093f76ab55f93c725afac135738718b367618098fedccdf28c0
61,436141,435593,recent,1,,0,0,0,0,0,0,c37d0fccb5378810747d2571394b9f3fb32c4eca679124bc4909bc658320aa6e
62,431477,430929,base,1,,0,0,0,0,0,0,b5d865d68a9ef5fa9ec04f1ddd8a3f2070700bacbe2519bd3756a49ebcf891f6
63,78426,78390,recent,1,,0,1,0,0,0,0,30c93e4eeae3abae1641b798601607540dd4a91b0ffd1af80b7d92c74454adde
64,16014,16014,recent,1,,0,0,0,0,0,0,8ad53b7ef9ef68b7403b64e45ccfdb7dcbd4d509f658a248fe4765b422967969
65,152722,152684,base,1,,0,0,0,0,0,0,e1cf45a1663c987a8cd03c2ad5e9f956237e6aa08944dfe3fd4374169131f6c2
66,243857,243378,base,1,,0,0,0,0,0,0,771c37a89b1373b1956de692ad021730b52f55f367521abc39e703f22c9dff13
67,488613,488055,recent,1,,0,0,0,0,0,0,fa2175f48c91175f25338833081dcf3e1988c88d57bf5e6f13acc72c5040b36f
68,494233,493672,recent,1,,0,0,0,0,0,0,9353186b8b1ffba85bada456b0d3b1a843fb090ac9d1ea683b4c5eeb6bc3cc22
69,407434,406886,recent,1,,1,0,0,0,0,0,0ecbf35a75e4c25a9e1b2fa916f0c505a6296da17c49fdff2980b1c70c0da592
70,393133,392587,base,1,,0,0,0,0,0,0,07ed1f4eb54d759a3a0eb2110f5b95f1416a68f1b63fd9d2a316aca23580ffdf
71,442006,441458,base,1,,1,1,0,0,0,0,f112912353db821f3dc4986d20a512792ab130e88fb015f489c231264795801a
72,258820,258340,base,1,,0,0,0,0,0,0,0c97cc69d4bc943d9f436addd2cae913185421c464f71bfc2ce4f35876184da3
73,276622,276092,base,1,,0,0,0,0,0,0,2ce81a1d78ff89135a04eab4b03e240e7ca2089951ea776ef35a666a68530001
74,187406,187018,recent,1,,0,0,0,0,0,0,833ae800260cc46ba3dd1602c870926713728480a2d5d13a872d4c6d1a095483
75,48492,48488,recent,1,,1,1,0,0,0,0,91459ce98cfce765baa8d41be5cdc012605cc517656beb370ad465c9eb5d24ed
76,97912,97876,base,1,,0,0,0,0,0,0,df9aaa05836219646a2ceb11d0e72f10105ae547d208b23f44ad0c5f939c45c1
77,281464,280934,recent,1,,0,0,1,0,0,0,4985f65cac80dbcee20d499ecff1eb1420699801f7ce5ee8df94c498251ab040
78,188770,188382,recent,1,,0,0,1,0,0,0,605b763a52c514ad0411e67fb064c298ce8d86ddcf825d530602ccaf2171637a
79,13758,13758,base,1,,0,0,0,0,0,0,ddee73e795552c2acfc261e44dae30a805932cfdcab859248abd3fac89d777ce
80,347694,347151,recent,1,,0,0,0,0,0,0,78b64cf44860a6c6dbfa26547880d6fa0756bb23dd3331480c5e467d8f422c63
81,166157,166119,recent,1,,1,0,0,0,0,0,6e110ecf449f80631743a4b999ed61bdf753212aa2a6511d07f59010b83aacd4
82,180858,180471,recent,1,,0,0,0,0,0,0,87c9a8ee3cde470cafd12bc3ca3e4bb40441c41e52bb877366af3e1f2855eb67
83,447981,447429,base,1,,0,0,0,0,0,0,7f133771845023deb62ccdf2288d5cbad612af4b6fa5a7f6d5dfcdff1eb67bb3
84,456143,455590,base,1,,0,0,0,0,0,0,b3ba5a4f75b55627b8a2e5bda6a94f88fe282d372db968ec35d99eca1f618979
85,395105,394558,base,1,,0,0,0,0,0,0,47bf2e8b8803c2e3517ee716455df8de2434d83334bbe01a86bc9c3a8bf321ca
86,163409,163371,base,1,,0,0,0,0,0,0,9d1ff33746cd89864c85b0344914cb8fd6ad67cd284931557caf9ffe143341e6
87,10435,10435,base,1,,0,0,0,0,0,0,a870b326451d6f0678199894068a55fc6a689b90631e05cd4a36f22ebf2203a4
88,366919,366374,base,1,,1,0,0,0,0,0,600042d71d28432bbde0d05933202474c6e9cc3520305f58fa0a46a2a4e53a93
89,504286,503722,recent,1,,0,0,0,0,0,0,ddae9632126384a33120bb68c0b2acec940efa7f9529aa26f23175729a95643a
90,161253,161215,base,1,,1,0,0,0,0,0,6c667b757f3261eeae2d00bd6e4bd49f61227e4d11aa2ad8754268b96624d719
91,344698,344155,base,1,,1,0,0,0,0,0,ca50b3f141ddcd3d67e1bcc29c8e05ab5ff65cd5cde57162098e1cc71a22a79e
92,336112,335572,recent,1,,0,0,0,0,0,0,cbbca6aba08324c557cb6adb7a4ff017a6fd095701b29f7034b2e9dac0566342
93,211963,211575,base,1,,1,0,0,0,0,0,0fb7401744f77dd42c2e7594c4e46dc507d82ab94424471160e13e9e9755b9b6
94,512834,512269,recent,1,,0,0,0,0,0,0,54b4b9deb3916a5196a0bff38cf9d56efbd3db0ca347619a5516fc3a43da7a13
95,391183,390637,recent,1,,0,1,0,0,0,0,8d45f9708b34b884a8be6d162c7fd9d7ac0b15b27f96186187fdf22b3ccbae7b
96,264252,263723,base,1,,0,0,0,0,0,0,e8a1b04368568648e7f0889445c98ff7a1301bb4af2865a2d8cd247f8ff54d1b
97,288925,288393,base,1,,0,0,0,0,0,0,188f6cfa2a4089c677bacd3cdcf58e31b8b6436dc587a3932039aa1631c08720
98,237451,237060,recent,1,,0,0,0,0,0,0,7bf078fe65ba190f3808a0dc86d808af917d005c31f1fb694b3b51c81acec184
99,137451,137413,recent,1,,0,1,0,0,0,0,72282dd05fc64750d533a15467e8dd0ed3bb8cde597c176f803f2eee0e44e3e3
100,317553,317014,recent,1,,0,0,0,0,0,0,4c389c69c3ef20bf46d5bc78b55c0c720e65f035b7236b6e17aa7d3ab234b09e
101,476019,475463,recent,1,,0,0,0,0,0,0,bf0c98fe2fc36e1a3d5f3ddb88ed9b9f038a6163546a718a2c4aa7603e50f969
102,91640,91604,recent,1,,0,1,0,0,0,0,8ac413644947a6edfb1e2bc406a4fb1b3094a7449b81917ea58790af465045f3
103,433990,433442,base,1,,1,1,0,0,0,0,3ae4eca13c8b9f4c1989689637f0553f76d559d60ea04c34d1eb2d85f9ec7174
104,199121,198733,recent,1,,0,0,0,0,0,0,6fdc08421d9c274960881ce965aaf2cd9681430629ed69bbbe274f547738e703
105,346973,346430,recent,1,,0,0,0,0,0,0,f50de80a584c7265090b6c8ac8718faf7eef6913316a58e0dbc3e83e045a5187
106,347490,346947,base,1,,0,1,0,0,0,0,84a74b8513f156bacecb9e3fdab1c7b435852466380966dced04fa13b8f139ea
107,459188,458635,base,1,,0,0,0,0,0,0,b323733909917ce6b8c78ed84d5b98aa88ca43c7907cecaeec09fe9cc9e859c8
108,14046,14046,recent,1,,0,0,0,0,0,0,95df6b46a903cf66f2d90faa242ff0a1cf48bc050c4ffd10df573bc8536336ef
109,59189,59185,base,1,,0,0,0,0,0,0,98a4e8109b996a84adf05399a064964fabf78b972ff42e96800f400ed911b3a1
110,2481,2481,base,1,,0,1,0,0,1,0,4d215eb589ee4845ec85e6af9010419ca6d37591ded3d59697e123be2bde675c
111,136018,135980,base,1,,0,0,0,0,0,0,3aaa49662d437be4927abf4460bd229fe271823bc127127cd6f4df80aa8e3c26
112,327991,327451,base,1,,0,0,0,0,0,0,49791aa27d518b2a6c37735d07fa9ea86bf9e6d5b4da21ff87a4d8089405e8aa
113,326597,326057,base,1,,0,0,0,0,0,0,46bc758733ed0b562e17c515c63381eb9ef161aa1c87a5ba3f345ea580e2f5fd
114,316192,315653,base,1,,0,0,0,0,0,0,7e6ffad83dc1e7544a17170d6a8c904983c89921d9f75efd511a0002a89038b6
115,74523,74487,recent,1,,1,1,0,0,0,0,f3c58292e4f14b48e027f79a291db3e62c906dde59214f613af075008d1dc5ec
116,402759,402211,recent,1,,0,0,0,0,0,0,0d53859fadf8ba49c4c5ee4b22790d0be4a64eaebea4f217dbd482c8373bc143
117,323504,322965,base,1,,0,0,0,0,0,0,968a5a2068c064ea47c4f93ec728b42dde0f367612e8479c8e6702e2b8299264
118,431651,431103,base,1,,0,0,0,0,0,0,d924e36facdcfe54b558eead42a19ccd9b1eedc6c0878c35332768fe3067c973
119,354073,353529,base,1,,0,0,0,0,0,0,d000080ada407d9dd0b4e8cc4d80729bacbce320dc9f3623271b4e0850cd480d
120,471829,471274,base,1,,0,0,0,0,0,0,3844e6c988debca3f3f5d41fe15ea5a7afc563c5812272bf4b722b582b1781d4
121,322751,322212,base,1,,0,0,0,0,0,0,4ccb7aec92865d1647689afd146f9358df6ba89066be32e267a90596de27c5b0
122,43323,43320,recent,1,,1,0,0,0,0,0,3bfb63eb5b7e06eb4fe7294c1c3034dd9101f2622f9d8234e04ff345641906c0
123,470177,469623,base,1,,0,1,0,0,0,0,35a13ae40a580e3d391d15923b8b862abe38f73b3c23361999956df3bfaa7691
124,96950,96914,recent,1,,0,0,0,0,0,0,53ecd6ee9379cc21d19ed0c96831f85e9923f791fdb16f51d0e0f45d2f22ce82
125,186148,185760,base,1,,0,0,0,0,0,0,956de4b254e3e29c982c091ab47cad1fd0f156035528fbb904b24c204bc58d56
126,407966,407418,recent,1,,0,0,0,0,0,0,ac64d3a9a3c501d586cbee50bb09cd908caf385b157d4a8bff8fdc52a3105990
127,11678,11678,base,1,,1,0,0,0,0,0,5594fb13da4bb22bbe5d199a2217e2d48227d5708e1bbf7d1c3ce53cef675dc1
128,8329,8329,recent,1,,0,0,0,0,0,0,bdf061759fc32ea4ccf48f77bf24af04b5a2dfe3f73ffd08cf571c270b4f2c80
129,146321,146283,base,1,,0,0,0,0,0,0,6b89c47caab7af1b32b59e77165e7398cd13059f6914cee2a7824c2f8b539da8
130,41423,41420,base,1,,0,0,0,0,0,0,f66dff3e7d3f663c8afa9b87c20960d3d0e2caf5060f2567f70fabb313e60166
131,175427,175388,base,1,,0,0,0,0,0,0,93f8acfb197446eb4438286e7110a76e688b99f3bd031b8fa32075b927cd733b
132,144725,144687,base,1,,0,0,0,0,0,0,f8806e41d2740df50a95f4ae51eefc47757b5798ed7be39bea327deb234cf28a
133,16136,16136,recent,1,,0,0,0,0,0,0,0a1cbd41a1abcc1afdf1c53e0872cdfb77b71fc193819e3d368d3a4e925ab3e3
134,281043,280513,recent,1,,0,0,0,0,0,0,17be9823079c4a5f301ac6ecf5c1d0c41c5600158a26fd7ac9b2d459888bb140
135,427127,426579,recent,1,,0,1,0,0,0,0,56ff179ebf5741903b2bf87ac383b6ee25d3d2b9de67af48b87a5bef51a67bd7
136,216322,215934,base,1,,0,0,0,0,0,0,10e4787c2960d77c84efaba28b12b7ec3995430d654b3fd7335fa33417df47df
137,202815,202427,recent,1,,0,0,0,0,0,0,b99f347826e62bc79a2cf5dfc3f4aae6ddab92454b36961fea4452fc9b2382a5
138,127639,127601,base,1,,1,0,0,0,0,0,1cce8dbcc5cd339e805e50525c64cf2eb9fbfda5e67cb7a9d0d9a25ec36097ea
139,99977,99940,recent,1,,0,0,0,0,1,0,65e6fcffe76a7464881c3109755af46e05f83854b6939586e714c6be82109682
140,489930,489370,base,1,,0,0,0,0,0,0,2aa0b1a04208850e95fb8f3a3a336d6dc6787afdcc5e42b47121b2df8d1351d1
141,324601,324062,recent,1,,1,0,1,0,0,0,bd3925b25fb6f62268d9475ca2c7ee463f74e3b4d63cd0be07a15a2a11820aa0
142,349468,348925,recent,1,,0,0,0,0,0,0,894818fb5c07a7c04bc3e91c73abb2e4ea9563922834ed6210543d9f5ae0dce5
143,183665,183278,base,1,,0,0,0,0,0,0,e1b365b67b795e6d725a6c499c3a1251b5277b7b6a85bd7beab1773c1a94ebe1
144,314607,314068,recent,1,,0,1,0,0,0,0,5da9f1a0f639f40ee9fce6639f2eee22110d2ddf0ca32495bf35ac620c264840
145,145551,145513,recent,1,,1,0,0,0,0,0,abe0defe6783252a4171fe9b377cd61e45afd315a281730727a7ec65f1a74796
146,16160,16160,recent,1,,0,0,0,0,0,0,5a39583a31931186539f67678285bb05c3ce5426ef814d5d2125bbb8c41b1c92
147,256485,256005,base,1,,0,0,0,0,0,0,ad789b4a999d569390b9be54527fceb0d99ccfe0073b0663b688dc11f264e5ef
148,238590,238199,base,1,,0,0,0,0,0,0,ff02c3231a56ff7360991a124c8142b80ff49e7365c9fbd135f4a15b6a11a46b
149,330117,329577,recent,1,,0,0,0,0,0,0,c1162f688dc842864ecfe419d10ae4342079aae30eff1135e0b8b2c3e19f4b0a
150,11679,11679,base,1,,0,0,0,0,0,0,81020fa4dc67887c2c76797e1636ce28ee69dabd02ba2d8bee64db4a92e939eb
151,207271,206883,base,1,,0,0,0,0,0,0,42eb283c091cc36a251ef96cc9fbc91c9a8f4d33a414429a119c428151686455
152,31479,31477,base,1,,0,0,0,0,0,0,b0c1045f22e17a2d097ce56ad4969cd9dcf31697710ad6d788653008aac842f5
153,188736,188348,recent,1,,0,0,0,0,0,0,1e4a0d36de290eacd0e28c226186db0cfb5f2fe5fcf2ce106f7e32af12486a53
154,435221,434673,recent,1,,0,0,0,0,0,0,0932665bf892b82557a7fb96bb6d0ec03f578fdccb4924810ff11faf2ef87de3
155,382097,381552,base,1,,0,0,0,0,0,0,cf4efebeafbdcf91df46922212419e173f25edf6eccb68da670238374d8918f4
156,139684,139646,recent,1,,0,0,0,0,0,0,2a8598beccb4ac59f010da84d0e09589a14efaa84a40a880297f2c7a5fb52c95
157,74266,74230,recent,1,,0,0,0,0,0,0,76a43486ecac0c8e43bd73906f89a5da4bc7ad0cdd4eda531e8ff70583625fd6
158,216964,216575,base,1,,0,0,1,0,0,0,b53d4f034202c287b34a1193d3cb918a654a07f43cc2e6bd2a63012ca7701f77
159,91805,91769,base,1,,0,0,1,0,0,0,78572c40e9b282dbf7823c91a06a973e442e7a1c56077de477156025fb8f4ccc
160,404678,404130,base,1,,0,0,0,0,0,0,37e811642542ec9ef647300617cc39c12329934589c68804651c49ededade37c
161,496683,496119,recent,1,,0,0,0,0,0,0,e58f758e54ef1324e1a3fec4e3c5b3f4e9ecb7eed1efdabfee662dfb75b69039
162,216333,215945,base,1,,0,0,1,0,0,0,9b603bf613a19076dce65e583cb7df8f8b4a159467fb87788bb0074f33248af2
163,393464,392918,base,1,,0,0,0,0,0,0,dc4666dd1a888aeb7e505ba150119a40df56fcf3fcd10d756cbfa750db01c0e2
164,264220,263691,base,1,,1,0,0,0,0,0,703b9bd2c94521cee127c11423ba7035dcdbe91f2af80dcacf5b90f7034f5dc9
165,419493,418945,base,1,,0,0,0,0,0,0,4df9867f0e3dd4c2b50ed50e1b770e6837a7873c979d42664b1d52d61fe82fa7
166,243322,242843,recent,1,,0,0,0,0,0,0,c57576956703b704c75443a80fcf24c86d32bd25d7292263b40c27efc1ca4bc5
167,389892,389346,recent,1,,1,0,0,0,0,0,38b0193fe03b41bdea1422a62f00d2b802799238b0adb709d86535e5df2f5d20
168,507341,506777,base,1,,1,1,0,0,0,0,ffa7ef742ac79e9f618e28a5716bfc981b460bacaea0bd3673c9ecd5d8a580b3
169,292712,292180,recent,1,,0,0,0,0,0,0,89cea58bf705e6c50ec9ac6cd82fa919e88381205e2943f7fecbd059b45de3c8
170,69991,69955,recent,1,,0,0,0,0,0,0,38ee6346448f1a9dd5ee4b1503ea4eafee57dc471a745edbf586f0fabc2b7c3e
171,320776,320237,recent,1,,0,0,0,0,0,0,362d5aff6ff6921729c6fbcfcff4b64ec2aa8488e4fa6aa042056454a6f6a2b5
172,290644,290112,recent,1,,0,0,0,0,0,0,4eef4d1592377d220493ae1f7ef4bb54a25b1413730da083603ae7821d6f61eb
173,177662,177622,recent,1,,0,0,0,0,0,0,8c2751d098116d9d9d41f96f2b159a522ec0b93f7b32441143ad08b7d4f8fce9
174,244378,243899,base,1,,0,0,0,0,0,0,1b4014a0ea571e48ae68dc9678c77fcf22de778c579cba892e675ed6dd48c4de
175,9976,9976,recent,1,,0,0,0,0,0,0,75304cf77db08b6e8386c3101ccc2a49435093ebf86a40bbb2ea3c6b5d24b096
176,84041,84005,base,1,,1,1,0,0,0,0,014bcdc1dfcab73c6765a864aa2c475795f30432a361360ef5bc0365f0ee2d8b
177,490417,489857,recent,1,,0,0,0,0,0,0,9349900242192097d6c6cc2538bbaf6677a6fe0de715120769f4bce92672916b
178,313567,313028,base,1,,0,0,0,0,0,0,c0e1b0292c116c799834b98efd4728d0fbeedca1cd7486a79ff5d89acb172944
179,244856,244377,base,1,,0,0,0,0,0,0,9adff98ef9f4920f118032ca34a9f83bc93442854f2b4fb1dabeb34da18a8425
180,514038,513473,recent,1,,0,1,0,0,0,0,cb8ebab9a147a518cd2319523889c16f09715839372e5941f483650e69c1a7da
181,66267,66262,recent,1,,1,0,0,0,0,0,a461102ec14dcc8f0f8422ad09712a743219527c72b1289bc8da6e4f8a621f42
182,258835,258355,base,1,,0,0,0,0,0,0,83c15c9bcb475a34c57349e77f9614c3fde32137a46a6fd61fadd676740148c8
183,491441,490881,recent,1,,0,0,0,0,0,0,46a0d8ffb1285485e9579a3117352b92b3fe61c9e97b14134e5e85b6c57cba08
184,468084,467530,recent,1,,0,0,0,0,0,0,acee7bb41a3c8cd73cb2800ae37d4f2194edcf6005fde223d6530b98d5f6f97d
185,427400,426852,base,1,,0,0,0,0,0,0,c00e62244487d9add4c54207f3ad9bc879f904b2f7375395e5e4aee4afeefd3d
186,430880,430332,base,1,,0,0,0,0,0,0,1825c741627a7d55313ea4f961f5114815b7eb4f66fba27654c3c9b34924034a
187,114764,114727,recent,1,,0,0,0,0,0,0,68e7899fdcd988975a502a70764408a1178d7d71beaa1e46a34bde41f883c6c7
188,389669,389123,recent,1,,0,0,0,0,0,0,3e43083e62da150aac16b56aa86a512a385b161114fd60022240861b515565f6
189,413721,413173,base,1,,0,0,0,0,0,0,f219221aa76e10f60046fd1b0e5dee9b9c6a73d20b5081f72f21659bcee75ebe
190,447693,447141,base,1,,1,0,0,0,0,0,00d6f5df38f3791a7001f9e7c86e03ade58047b33aac9e8d17d53f97b05395bf
191,460422,459869,recent,1,,0,0,0,0,0,0,8de3160e5a00c1f3d239637d7a8addbfe70630b675ccae9de5485e995cbf56b5
192,228102,227713,recent,1,,1,0,0,0,0,0,88c5b3e855473bf91b6064f716365cee24501a61ddbe69fa73262f09a74b422d
193,240957,240478,base,1,,0,0,0,0,0,0,0c337d86ad2160f8c24b358d608d44b822ea14e107f8f02c10a445d0e82450ab
194,11464,11464,recent,1,,0,0,0,0,0,0,218fe86c0bd56939dc006b8ed788501fcda48691e8459160736da8b1a5f99471
195,328148,327608,recent,1,,0,0,0,0,0,0,88956274d4593e59cd7d891af957595cc0a4a009685387f7729abc20ea42ccf2
196,418432,417884,recent,1,,0,0,0,0,1,0,8440c6e0c200b6ae6ccefad5726c403925b8f23a17c1a89ae8e7899b8b2302e9
197,300729,300195,recent,1,,0,0,0,0,0,0,e8763f2d6cdf8eb0e47b83974358211041c4880593e6f8621e11aebd0e348976
198,152660,152622,recent,1,,0,1,0,0,1,0,a5567366b238748543dce1aac606895237d2a6c5394f51a1c6f4d1c6bb44ee36
199,398696,398148,recent,1,,0,0,0,0,0,0,5044341e60c59a7cea13a82244822faf60a3c912dab68af537695b51cae6a9df
200,263623,263094,base,1,,0,0,0,0,0,0,b73cafc9e506edc881e63a5ca28c021fb97e0859be6fab48a97b0686bc9a89b2
201,491783,491223,recent,1,,1,0,0,0,0,0,abbc3e0ed287430b7a1094ad06bccd3d1b7b740224eac4dbf5426072d263d429
202,235120,234729,base,1,,0,0,0,0,0,0,e7c90afe45c0c38d14f375550743d7e27a3092e935ce3de223c59daee0d2d13a
203,34388,34385,recent,1,,0,0,0,0,0,0,f02a0d00217a5baec778440cc0e142cf8dc8d36f1e946064ea9a815db63f8fab
204,298445,297911,recent,1,,0,0,0,0,0,0,cc825089b1e1d862acabae2e0afb905c1bc5f7d76d8f143a3174684ce7ccda9e
205,266552,266023,base,1,,0,1,0,0,0,0,8b10da1455c1b8e544ce031dd799f89cdfb5380957eb2dbba8c97799e16a6f22
206,442745,442197,recent,1,,0,0,0,0,0,0,e8597e91b311a54e841f8f12b35ff2ca9d96bd4715e8b18eb3040cc904674a6f
207,245161,244682,recent,1,,0,0,0,0,0,0,7f60ec0ab89372990d8e4d56ccb675bb4faac484a538cf5d6994b037adf61854
208,178448,178408,recent,1,,1,0,0,0,0,0,b8690bb2afb811e81f5ab8231fd02615373f352fa60d04a06302da6f19fca2d6
209,249717,249237,base,1,,0,0,0,0,0,0,c971f216066355edb978cf80cdc054e28b4e20b5357d349bd61ae03e914aa009
210,140582,140544,base,1,,0,0,0,0,0,0,5c49c664a024b06424c81288ee9c720e3eb81cb617fc40e9555303e7f0ed32e4
211,8033,8033,recent,1,,0,1,0,0,0,0,664803804687e3fbc4b52e7c3f2b2ba2f2f0f9abf838c3f1f523b4f4a0dc7009
212,272723,272194,base,1,,0,0,0,0,0,0,04d4df321b65ccade74474d8527c5664cea587cdb05833154681462f45646e0a
213,445211,444661,base,1,,1,0,0,0,0,0,629260fde4fdfb3b16f4348e9021f29132c3bad7c8cf255a0aaf750311730b75
214,155747,155709,recent,1,,0,0,0,0,0,0,814490ae1d1a95ee52ff8b6c71738c92d849c75b606470b708805134ab42c57b
215,97939,97903,base,1,,0,0,0,0,0,0,4ce8e81f4987c8ff86de666c7f8a2e095a6607efb20695c1429f94998c3d23dc
216,378224,377679,recent,1,,0,0,0,0,0,0,9b2db4c251a96ced4c356ee0428a1231d63e21b2ec1b3769440064ffca9e7f61
217,483693,483135,recent,1,,1,0,0,0,0,0,9d351cfe4831e6f318debe3b2ddf0be439abf9a5f8abf799f48e6769f9ae72b4
218,182760,182373,recent,1,,0,1,0,0,0,0,9145279337ca4db27d810252d510ccbba28fcbcdbb5ba370a7318c0010b57abc
219,439061,438513,base,1,,0,0,0,0,0,0,78964c63ec453143cb45598b9f25c114ca3ddfddc5640edcda3467fa6bf6341c
220,269755,269226,recent,1,,0,0,0,0,0,0,bf12bab361b7612b343badc3ae164c402e465780a1a304aa3aba9b031d8739ab
221,280855,280325,base,1,,0,0,0,0,0,0,23f1416d5f8704f6b6ec10fc4ddc734d6e58d398c75b8ec5cf5d8c1832ed33fd
222,108777,108740,base,1,,0,0,0,0,0,0,88be49f6ba04eca08f4aeccb47f5ca31a3e64957c75314746f5efda4a80d32d7
223,418964,418416,recent,1,,0,0,0,0,0,0,11b2e1ce2c92ca87bf0737ce6e7bd3e2eaa398905b333fa260025f6843c7720a
224,408612,408064,recent,1,,0,0,0,0,0,0,a11242e0b05868853ea081edb63a4c6e1d4b92c0850f345b78b5a58ea249d5ab
225,471827,471272,base,1,,0,0,0,0,0,0,1c0504a28b206035e37b9c696c4329f209d49673d13f6d5194377f46cf032bbc
226,80484,80448,recent,1,,0,0,0,0,0,0,b304408fbce1fc6b228e51ff6385f2d0027280f31a97e7a3199c050e4b936a52
227,312112,311575,recent,1,,0,0,0,0,0,0,2601f6f5b1ed28ae1615e3f1fd87618f4fae243a5c15ce226f645a0a87494cec
228,36837,36834,recent,1,,0,0,0,0,0,0,8952e6c4ffe85c0fa79c7e00acf162ceeed5409f71e67d4887131533ff5381cb
229,404290,403742,recent,1,,0,0,0,0,0,0,63875bf51100af3d3325db868c058367911ac50d0d8edebfee4e6c3ab8763b2d
230,282884,282354,base,1,,0,0,0,0,0,0,f31fdf8c03ab7b57fbe5bc2c017af11df01c78627a2adea50eaa80d3e80f6fa0
231,329305,328765,base,1,,0,0,0,1,0,0,9fbd978d469fbe6b1271ef7244933314624740a441c59411ab89a0b5daa545cb
232,199919,199531,recent,1,,0,0,0,0,1,0,8e4270fcb72dee9c6b1a825d0a3351b00a312fd19c9e02244b8f4624ce64d3c0
233,236313,235922,recent,1,,0,0,0,0,0,0,49109f21f396282e3cb7ce4ffc5d26585c2719c6c7715a2abd9a23bb8970ac60
234,233830,233439,base,1,,0,0,0,0,0,0,23de26e4e3bfcdb4d0800fbd9caf74e332723f2d6723371776c82e80fad51305
235,407419,406871,recent,1,,0,0,0,0,0,0,c1896fe18cfe4d05f84d268ea588646de0ad83eabf1ca41181ff27952972c98e
236,213296,212908,recent,1,,0,0,0,0,0,0,460fc1f7affd9ef1e6f870a13904b1dc124023b40c72217770b32633721d749f
237,336878,336336,recent,1,,0,0,0,0,0,0,831296160ae5e3a4da70d4d30ead90fc59ba110aadf5520b49907b63929a349b
238,337426,336884,base,1,,1,0,0,0,0,0,c1532ee81067216ab2f41d9576d2e29b5796e8fd66f34e9b84ac3590f5f6de29
239,299118,298584,base,1,,1,0,0,0,0,0,13bde1dca8b47826be410f06d95176315032337abe7eaf2489c2aea2647a9a0f
240,336881,336339,recent,1,,0,0,0,0,0,0,949733b9c8ba17b4c50a0d98b173b67e3b4a68a34500240d57ace271795b4111
241,128845,128807,base,1,,0,0,0,0,0,0,52327783eb642e7ce235ef5263f3798d60df524db0a6708d6a44adde19505139
242,193049,192661,base,1,,0,0,0,0,0,0,c5ad7b1045e4b5c00d0f868daa5348a525e28828f2b755ce5c4ff8a7798e5049
243,474965,474409,base,1,,0,0,0,0,0,0,efef33a734cb98ec33fc68f2bc46bf128b74ca534480f26901fbd7ef0c3408f6
244,218488,218099,base,1,,0,0,0,0,0,0,c558e87ba5884b0e6a25f803deb8b032828dba65648cff66f7730d8b0a2bf128
245,328183,327643,recent,1,,0,0,0,0,0,0,7b9cf6da885b5a7b160106ab4f374a05a2c7f6f27964c21ad834f7c990d717d5
246,63450,63445,recent,1,,0,0,0,0,0,0,2974a68a86b767aae597f907c9da47b317767f70de79ef770c93252c9a53cd44
247,296131,295597,base,1,,0,0,0,0,0,0,d1787065b3c125c94ea08cda2be488376e325746c4ade7c0b4c9bfcbaf5eea12
248,347621,347078,recent,1,,0,0,0,0,0,0,b5856d22e6cc9e01cd56d85e168b6be680cd2e602068ba8cfb5ea8b09aa757f4
249,131473,131435,recent,1,,0,0,1,0,0,0,953a6c7ee9bf8c5b7896e655baf9205acc59587ed7d97ac7cda546465d36c9c5
250,265069,264540,recent,1,,0,0,0,0,0,0,30853d6a53c48ec28cf28c64ebf6a5687aa57c167de8295747cb66975524856d
251,130915,130877,recent,1,,0,0,0,0,0,0,ad6f3e0d93c898500c6d3cceae5ada6b10bc52fcbd175127c2f3e550c8755263
252,373022,372477,recent,1,,1,0,0,0,0,0,045e8ce64b532f1a6254b03777d08aaf590b80237140495fcc02fb4978463f7f
253,46692,46689,base,1,,0,0,0,0,0,0,75304cf77db08b6e8386c3101ccc2a49435093ebf86a40bbb2ea3c6b5d24b096
254,173112,173073,recent,1,,0,0,0,0,0,0,3d34aceb1a254da8c688e1ac944d0a94ed05e072b1cd1a8b1112becd2921b560
255,11367,11367,recent,1,,0,0,0,0,0,0,f80437c1e7564b2b5e337d40dd111b363bc4363c57f729552fde5eec4feda6ea
256,286319,285787,base,1,,0,0,0,0,0,0,c1283b3a3640db60b407e147c51230934d010773e4c0183dae4809c18e1747dc
257,497576,497012,recent,1,,0,1,0,0,0,0,e27ce1ca1592c233b08a5ac82b2440d7585ef61229da2fc614c03c9d4fad6354
258,380495,379950,recent,1,,0,0,0,0,0,0,ada425c2a5a16a725386c02860d1b7664de78e4989c89d8e1a94b776c18ac110
259,306970,306435,recent,1,,1,0,0,0,0,0,b774840e255916186f21b85ff950f464b1f0885ab2c78f16bdc67f99e95f8e70
260,169111,169073,base,1,,0,0,0,0,0,0,95d2ee0ccb47cd742e496bc3bdc4d0858f0c42e0132aa7503fbbe09f8a391959
261,52967,52963,base,1,,0,0,0,0,0,0,61368ffae0a9a9deed52eb11a276d3568b87d090ef08440389d41dedea27446b
262,85501,85465,recent,1,,0,0,0,0,0,0,96135f7540ec81ca17ccdfc17682231ee99cb0d8f4697df0b45668f863b97f4f
263,103947,103910,recent,1,,0,1,0,0,1,0,82bd0bcaa9e7d11d2842bcfbb96b0cad3014d72ec549d3719d7cf7f8e6609597
264,457503,456950,base,1,,0,0,0,0,0,0,58c8110ee900573b00909836f578ffe56cdc34dafd0a5862bdcdd72bdc1d6e96
265,35696,35693,base,1,,1,0,0,0,0,0,4c99f22eb645701c2860dbd1c650741472fa3228d57fc66632b69c873f413c13
266,215729,215341,base,1,,0,0,0,0,0,0,f3fe7f8be5ffce62bd24e6f250f95bbaa52b0f21f9ab26717b2a1a05e3819333
267,69253,69217,recent,1,,0,0,0,0,0,0,9a14fce0e4a26a7816410944fa2fea0df6f8dc1f53b7b385f647a1e87f203c4d
268,113377,113340,recent,1,,0,0,0,0,0,0,101aac2e981670195d6e3259f3ce27cfceaa1d23813f1a5ec9f7ed6af0b2011a
269,340883,340340,base,1,,1,0,0,0,0,0,54db3fbeff1e170873637706d9a8dc3b4cbbf68308818b784e43a72484ffb362
270,11880,11880,recent,1,,0,0,0,0,0,0,1ad73eeca2a2dd57168e2573a8496943583974d7334cce12716fd984de989954
271,133169,133131,base,1,,1,0,0,0,0,0,9dd9bd7fc1afe1b5c5d226124e4bdb90c3b3a2257df048e0bf2bc4a40c6a5a03
272,79518,79482,recent,1,,0,0,0,0,0,0,dac6aa782edff0e500f61eca71c228d2961c461a8e35d0cab097e3ba25515ec0
273,437990,437442,base,1,,0,0,0,0,0,0,2008f2f87352cbc0d7e13f15df76fb324b07c15dd3fff5df0af9af0335e4b2ba
274,362290,361745,recent,1,,0,0,0,0,0,0,f125744e5a377fa00f7a4eb9691d91c465bb348e1fdaa51f155945dd4966d2ef
275,251157,250677,base,1,,0,0,0,0,0,0,0bdf2dea91109c785a0c21bd5c6e189426427c30ed4326f72ad2f8837fbb8bd6
276,505113,504549,base,1,,0,0,0,0,0,0,2fcd05c9dcbe8f49a76b922c9a0298a3deb4384a4995ed2b973cbe411e4ad984
277,505236,504672,base,1,,0,0,0,0,0,0,1f2b8001376a87336eef1443c8f4dfb0286cd6ecbfea753de9aab2db415bccdc
278,339132,338589,recent,1,,0,0,0,0,0,0,68e230d723694b7c86279e8e23d54f0e4f49f41bd98bb16bbef08044fe317547
279,142532,142494,base,1,,0,0,0,0,0,0,e474aaaaa380b0535a8f363871933eed937beec59f30cc8db00de54879f223dc
280,210153,209765,base,1,,0,0,1,0,0,0,961442f7fb76e892e43848aff00a4617e79d7d69f66d678ddb751de368c56b60
281,49635,49631,recent,1,,0,0,0,0,0,0,6e48084522db726347e67a85a6f2880fa1478eb2511fcf1fcb3352e0b15ccf3f
282,282177,281647,recent,1,,0,0,0,0,0,0,84b869f5b7ed250655d06e1e952761e27e01b23a9b1f3b5002657aa51408787f
283,72329,72293,recent,1,,0,1,0,0,0,0,e6d9655f49ad655482912e58196a1ac45981ef7c20c5ea083e2beebba85ae910
284,430172,429624,base,1,,0,0,0,0,0,0,253f651e20309dd156f80aad02b08f30a040d0f2f737bf01360333e3d9f18d9e
285,278134,277604,base,1,,0,0,0,0,0,0,d14178d9a106dd4ba18cd9b71969e34cfe449f3250d931b615e1842f439f727b
286,370040,369495,base,1,,0,0,0,0,0,0,ed6f3f952fdaa95d9bbe054d8a83d5042a6fcf2259bdcc355021516356ad41b9
287,222388,221999,recent,1,,0,0,0,0,0,0,06a5f8dcf9f314840121ad08705235e56adcf91a3f2d3197c5e3523637ac5476
288,474669,474113,recent,1,,0,0,0,0,0,0,ed058321e7b29d4a62fc8052a0b44bf0f069a7d6d9959f59130909ea1563bb9e
289,462692,462139,base,1,,0,0,0,0,0,0,ed4a1d023caf1ca7c29672000796dfa4b22e0d0ed20357f5537093fed20db04a
290,388623,388077,base,1,,0,0,0,0,0,0,f341365b59ab9fd70f6b7286da2eb1e4d2ecd28228bb0077063a0a893d795cae
291,167146,167108,base,1,,0,0,0,0,0,0,15c8095d6d1bf90a8a1632bf8006bb3b2220dd9d17eb1aa8217eee37be113eaa
292,227482,227093,recent,1,,0,0,0,0,0,0,a91b3c1998df356646d533c99009aa236c1a2d8ff325f26ed41cbac891a8b811
293,145823,145785,recent,1,,0,0,0,0,0,0,96962653f7e8084d8d4b9c1526db09524c6c1316ae2be2c0a492f2ba0167ecd5
294,447303,446751,base,1,,0,0,0,0,0,0,8a004beb36c8a213911b87a1f70cd9597416c9fbae3dce5b5a9ce43d0ee83253
295,32025,32023,base,1,,0,0,0,0,0,0,54b8a8ed28ec6c30a99cbe1bcd905801b4786d4ef2d2d127469b08c8555481da
296,384452,383906,base,1,,0,0,0,0,0,0,9eb918f858c088ccd6102357a80c26278850dc96df110064a99be8b3cc877c5f
297,293649,293115,recent,1,,0,0,0,0,0,0,5617db113524d8ef9587d5ffd0b5083a52b3096a6ed54634da8ff3214f5767fe
298,152861,152823,recent,1,,0,0,0,0,0,0,dcc5e8654521eed7e1eca8742c7270a9f743e91df8175ffbb4590c57fdbf45b2
299,385118,384572,base,1,,0,0,0,0,1,0,0fc82852f69bbbc179f68c6d8b39cc89b1a080e1117b5bd11fb5a92822967170
300,404333,403785,base,1,,0,0,0,0,0,0,fdf59253e4af701e91d187ff827bb30dd855cd4ab1364e38aa1fc3c1719cd044
301,365786,365241,base,1,,0,0,0,0,0,0,7a7c1a575334aa61845516552ad4d0440e9b49b13af7d791ef00416f304c5501
302,281392,280862,recent,1,,0,0,0,0,0,0,c29ccc09199049fedb2d8e7fd4ad8421771833f8cc7b17aeb81b6d3dd26f53fe
303,248689,248210,recent,1,,0,0,0,0,0,0,284f25a61d415dab1484985ab07c3d8592df1ef697afbc0337c6037d8d8bdfe5
304,131272,131234,base,1,,0,0,0,0,0,0,c39fcd4f7c507f44d2b20154c8b20e5e7e6b67edf6ffab5cb93ec22a7af59f4c
305,477637,477080,recent,1,,0,0,0,0,0,0,3af7601353c062d82d8fe75112138d73dc7600f0c315f49707b8f9621f85e2ce
306,46357,46354,recent,1,,0,0,0,0,0,0,1467f134773e4d091c25a2458c898f7dbf4798d4c0b8f477e573b92b62aed57a
307,49273,49269,recent,1,,0,0,0,0,0,0,c737ae743adee56d6d6b60ff228ad1441f0bd6a6560cf67c36cb1d7a689fe38d
308,74156,74120,base,1,,1,0,0,0,0,0,954e1bc24638c637cdc436253f04fc00c6e238cadb58fe7a5f44605c5636c854
309,472913,472357,recent,1,,0,0,0,0,0,0,585209c2e6ca93a4d7f0740155c220aeab45c869ed00ac99c0ec6473e844f59b
310,53517,53513,recent,1,,0,1,0,0,0,0,9e1ab98ba590471edb6b4f382c8f4a323db5da243f0b6c019dd8ad43ccb0d76c
311,450110,449558,base,1,,0,0,0,0,0,0,8b672f1036e3f0c4f5c8fadacf49a35439f504767735b9af6d4a2f80ad1fd1b5
312,17021,17021,base,1,,0,0,0,0,0,0,37cc2070726fc08e7972c6b06c54e3e968cb157bbfe22b50b789aca4df049a18
313,304312,303778,base,1,,0,0,0,0,0,0,99fb4f078172176257d95d6848cae41ca1d4af729bb5a741a26315e850891ed9
314,333837,333297,recent,1,,0,0,0,0,0,0,03f9cb95b7732d85d899ad17b19c0cf7e4f8cd88d64d128edba8564a815c6829
315,43531,43528,base,1,,0,0,0,0,0,0,9e7512b90580577a692ad0d49f4cdf12c8db9cb7dd9755ac5eecf295a932e944
316,339678,339135,recent,1,,0,0,0,0,0,0,ae4040aa3978e60465f6dc605de1be4cc17606fe59d87b3716be7391d01677e3
317,512868,512303,recent,1,,0,0,0,0,0,0,83a29d1fdc659eaa44617494b081c509f73b26f5e27035ae081dc68b345b75a5
318,472441,471885,recent,1,,0,1,1,1,0,0,b0b70d8a5827fdcefeb8cc32de11626b5f60e32fb8cb81964f4d8e849bd69449
319,72088,72052,base,1,,0,0,0,0,0,0,447fd7683e801548c8b061f35cd0caaba128b9e55f79439307c200a29bfff5b7
320,34406,34403,recent,1,,0,1,0,0,0,0,87db8f1ec72fef85504b9cd1d11453051c5b656cf135cb723afd3476e7792dde
321,33285,33283,recent,1,,0,0,1,0,0,0,573a18c408fd3c0d510f92c2aadd22df0b1c3035656b9867930034376c4c3a36
322,463762,463209,recent,1,,0,0,0,0,0,0,6431af84afc2fdd80d1be242d08ac28b89b7551648d0ae9d3fa111e4a3b2b6c3
323,9877,9877,recent,1,,0,0,0,0,0,0,4bef6b82804754e93186c4042d2bd6e5ccfe95f3a8ad98c386fae8df48a2a623
324,394019,393472,base,1,,0,0,0,0,0,0,4b6588de918c2ea80ac7b16f92601d31db55425a872eb69d535b09e97c0b2296
325,47188,47185,recent,1,,0,0,0,0,0,0,68192f527be4dd34a49718d9116581cad148d76f905ae93bc9995974eb77628d
326,424337,423789,base,1,,0,1,0,0,0,0,8d51fdf3e1285053cc9cf18ecbf72ad8a9fc72d4ee46ce2645bb492c945f65cb
327,67586,67581,base,1,,0,0,0,0,0,0,5514ca5ac380572b397edb8164d4723cc712fcfacc8605371067a356fdc4480f
328,458405,457852,recent,1,,0,0,0,0,0,0,ce6e5fdcccb355e49b13e5ce418eb63357ad49e55936b3dad92f81c35d0ae02d
329,60985,60981,recent,1,,0,0,0,0,0,0,2e4fa77e5e277681d36efc0e264733585164a4c099731cb7fc3d98ac28f17761
330,2601,2601,base,1,,0,0,0,0,0,0,d6aa6684ea39b0cd7c77535f3309673f12303d44121c14cf74c50dd3c2699a1f
331,187571,187183,base,1,,0,0,0,0,0,0,8247a09565e73d12932f55e73df8b62833cf7dc667bf9751a3c5dd8ec4e68ad0
332,419722,419174,recent,1,,0,0,0,0,0,0,1489825384d6c30942120397f76c32c71a87cf8242fe83474fc72ed253f04944
333,429468,428920,base,1,,0,0,0,0,0,0,e378dae060e6725bb39e3ba6b2cd2e2ebb43a0a12ba5a588512f60d5cffd346c
334,383224,382679,recent,1,,0,0,1,0,0,0,2f8f42e7ab1569eef80fecb971c1c897b31f374d0ba678c88e1cfa747f997b03
335,448696,448144,recent,1,,0,0,1,0,0,0,aaf0250b350257826158176d106c0f33a7f0097cc992d32857809ce047badac2
336,380244,379699,base,1,,0,0,0,0,0,0,0b0b0b1958dc1fa97d142ca72b3a55b13b528177ed0f308b27d9a8f152e6bb91
337,135157,135119,base,1,,0,0,0,0,0,0,eafb906656b8e81b96c92cf1301a116852b7ee8742e9b0898b80d76e1dd18894
338,62336,62331,base,1,,0,0,0,0,0,0,0ab5494456b1792ffa618f443dc8683b6b81fb930a54ade48714d3358ab52b9f
339,147061,147023,base,1,,0,0,0,0,0,0,9af3f088c929f8e8c15ab061a30fbcc470a4f991587c68c617fed58e44791dd7
340,381897,381352,recent,1,,0,0,0,0,0,0,02f8cb35f35da389fba75d16f724c1ae143d0cb57f59c648c3e25e11a810bef0
341,216205,215817,base,1,,0,0,0,0,0,0,5545f3a1c537f7f4031c51a9568e9438f43ac4df76b3c86e01d55a5e552e8fa3
342,514917,514352,base,1,,0,0,0,0,0,0,4115844f15af2e0bffcf33ecf16edf4f37ca1f6b0eca1d5b459e5b6df12360f4
343,370464,369919,base,1,,0,0,0,0,0,0,6cd9fc6bc4f41ad324ded38f1c471bbd430f389a63ebc6c87bda6ac5b9dcc85c
344,240795,240316,recent,1,,0,0,1,0,0,0,510850095a10f91fd34f17c67b83f5ed5d786572a84a781620c1b5ffc99d57d5
345,243271,242792,recent,1,,0,0,0,0,0,0,8be72a0b3078d71e297cb26eb999221595d5ae3c7d7e33b0a6fa3b4474856148
346,349130,348587,base,1,,0,0,0,0,0,0,0d2e6735257e586424e4084cc607ab711405741c08c44ccda52c4ed45ae4ecc4
347,453303,452751,recent,1,,0,1,0,0,1,0,6e52a31577ce7547425c9513133f7f0a27a9269f309dd5ff1e928ef5cdcc7cba
348,103675,103638,base,1,,0,0,0,0,0,0,a8d2ca11b09419f82d0dc23bb78554837e256e64f59154277ae2bca65dce01cc
349,74430,74394,recent,1,,0,1,1,0,0,0,53d36508499d1a9d59f03e70b395f21a128820408a13c6525db0ff2b575e3323
350,489062,488504,base,1,,0,1,0,0,0,0,75b711010c50670bbb3c80b633d6c760f0ff860ec86108c059658527cf8d07e2
351,79123,79087,recent,1,,0,0,0,0,0,0,9c7d1dc4abedb1efc36c092b437eee2a053683c1cdf9f9459ba12f5fb176fcc4
352,248169,247690,base,1,,0,0,0,0,0,0,6cfb79c9a9863a2d235a3d176d9494d2fcc72fe6d4d79c6a9d9e917584fb8f95
353,443745,443196,base,1,,0,0,0,0,0,0,6bf44bebffa94d1fcda10ba552f5b27aa3833db1095a54d204699a0d9d7544ea
354,268601,268072,recent,1,,0,1,0,0,0,0,1b88cb0f86619b515d4570dfe683dce4b58289d85fa8999c77dbaf44c78eaead
355,116297,116260,recent,1,,0,0,0,0,0,0,62a894d644610901c2864f506e014c58e2b5cb5bad9aebf546314e994cf333ce
356,325989,325450,base,1,,0,0,0,0,0,0,3727d28b83e736d1e65c2f55c984a66ef2b0f24f4a125ea22399d9360905a26b
357,39358,39355,recent,1,,0,0,0,0,0,0,b186255443326c184e769ab76dc50411d5e7d454041c8be6b72340e445c081ec
358,302879,302345,base,1,,1,0,0,0,0,0,abcba35f24343b10c4ab1f0068391c99c5f64d49f1df6ce548c448044f5b6d85
359,202342,201954,recent,1,,0,0,0,1,0,0,bf02bbc6f30bf36227a7f4db0bfa9c4c82448630889c20d6932975fd0d60db5d
360,424618,424070,base,1,,0,0,0,0,0,0,9ad4565be2a6e11dedb44f360b09ce89af98bd571c2f97eae21bb26b9b783369
361,15641,15641,base,1,,0,0,0,0,0,0,c03d96b34b5d611c7f145add27fe14db2386ef1b2910b3a068f9be5dece89865
362,91669,91633,recent,1,,1,0,0,0,0,0,c57998cb1e16b082cd6409a111d0c2afb6151f840aa1976ae493da4560c05117
363,395100,394553,base,1,,0,0,0,0,0,0,220ab8a241fa852fa91d59d7414c1193ea9d60b81d9e62fdc38d9178f067935a
364,195872,195484,base,1,,0,1,0,0,0,0,3bb9e80903dd7780ea849093e80760caa533be00bc642a54fa2c1c1cdc273abd
365,459170,458617,base,1,,0,0,0,0,0,0,c0f74ecd136035eaacf233f79e21c39c90e09e9cd6038eac5680ad27893f8c4f
366,311201,310664,recent,1,,0,0,0,0,0,0,35383433103263f3e99c7d35ab09f7fc9804668ffbf4136d38a04ca6725bcc64
367,412815,412267,recent,1,,0,1,0,0,0,0,40b0a6069f9042ab96cfdcaeda16b72761239500f33d92a28bb5acaf40a340e7
368,71889,71853,recent,1,,0,0,0,0,0,0,d23fb495e2e085f0a13be99caff85e275b309f410e34b915ad41a1f8f9ff2861
369,355892,355348,recent,1,,0,0,0,0,0,0,ff02c3231a56ff7360991a124c8142b80ff49e7365c9fbd135f4a15b6a11a46b
370,496445,495881,base,1,,0,1,0,0,1,0,66cbb016f9803493406c1808eaca721371b47e5252949cc862a0d0b5671bd933
371,76019,75983,base,1,,0,0,0,0,0,0,6b64d32e1aac3c3e1bfa092cf87bf1d5ed249a6e651f6bef129a51b5067c42f7
372,110340,110303,base,1,,0,0,0,0,0,0,04d8d94d53b54163d2d165fbb2bd8144eecc2295d8dc167212100316baaa1b74
373,223823,223434,recent,1,,0,0,0,0,0,0,e94c3ed23d3bde8c4737dde56bb3628584a7b90d51a53df1d82c12fe5fb85e82
374,424093,423545,base,1,,0,0,0,0,0,0,2402e87c29991bf274ae6611ca2429258aa9490bafc328ccc25fac09c346ce57
375,359331,358787,recent,1,,0,0,0,0,0,0,e84a309e9a1794da99da895fbf8faf113dc3f361f6ff031e5395b0cca18b86c6
376,182879,182492,recent,1,,1,0,0,0,0,0,6f22fe9a22f5e4c18e6886ba4028615c78c537db94af9b2522b8983611a7cbb0
377,136547,136509,base,1,,1,0,0,0,0,0,0c179d4f9295364377b0aa6f03c623bc1bb21eb724c5af3345a8b7f73fc63f12
378,236994,236603,base,1,,0,0,0,0,0,0,1b238c3271ad0c0bcd3cdcb68da6c40a009d0565c466f64ac7f7c66b7b8c9da7
379,456687,456134,recent,1,,1,0,0,0,0,0,c4233f0ea079530b345049844819687890869eec1096f41a5c2481086e7c00d1
380,383051,382506,base,1,,0,0,0,0,0,0,a2253e13f90b2e5b5cb0652e63a7ccb603272c08a439c9154a35460f8e411636
381,282281,281751,recent,1,,0,0,0,0,0,0,e583ecf992f3b21e6661ef9078e3221bfa3655e27ab8f829076e9029ce96ac06
382,233859,233468,base,1,,0,0,0,0,0,0,780988ebab282dffc8a912059de2e941cb0774ec4c46f48f55f27ff5b92b1f58
383,451214,450662,recent,1,,0,0,0,0,0,0,019e7fcd7465c5e36ca2183a1c01cb04f21dbf7bd162a4067f9e381eaeb1c19f
384,161641,161603,base,1,,0,0,1,0,0,0,3937941485c5178b08c623e04551623dc58038a9c252fd234133d115e22bec98
385,354560,354016,base,1,,0,0,0,0,0,0,4a3d68a4b79333981a68beb97888cceabec5ff1da5ca24dae42917098c891421
386,244104,243625,recent,1,,1,0,0,0,0,0,c337b9c59bfd223b91ef46ffce6fcdeb64ce57db18bae75c693fb284e6a60acb
387,52581,52577,recent,1,,0,0,0,0,0,0,15b61974b2707a7b3d4201385e0f01f4ff5eb1f17c5639d98788ee5add2025cd
388,175082,175043,base,1,,0,0,0,0,0,0,cc4dd3658e1c7bdacc00790afe54b5f9c3a918a1c3c066d96b09b0d9b49a26ef
389,253543,253063,base,1,,1,0,0,0,0,0,19edad619690fde57e02ef987eb373d9bbb845987262f3df36fe03e49bc21be8
390,286050,285518,base,1,,0,1,0,0,0,0,82ed19b9be5817b435f1d60180ae28ff2d711c39179c93c7cc1a17b5eebdfe50
391,152737,152699,base,1,,0,0,0,0,0,0,bdfbd035ac039fd916087deb84e990fedf0cd3df64c497de94dc5ce601b121c3
392,72954,72918,base,1,,0,0,0,0,0,0,61e0afbb3c7bafc47c61157f94fe0ec0f2a8d482f59bace11732088939857447
393,354494,353950,recent,1,,0,0,1,0,0,0,4bf80f942e961009b8a1b189f9bcf6153886d8b196404e048aeb960e832c370a
394,385865,385319,base,1,,1,0,0,0,0,0,d5b56a5479dda7f680688dc958f3aac2b6d4ce60aa4ee97edffcdd5d8f079c66
395,157732,157694,base,1,,0,0,0,0,0,0,1d742c7d05971fd995361a0627b8e2623c66c172884661fca495a70405cfa11b
396,189016,188628,base,1,,1,0,0,0,0,0,596c1d9d29fda9ee56995d05616585877b1bf5638153afbd019d3dc7cbfe3a5a
397,243302,242823,recent,1,,0,0,0,0,0,0,29fa3f00737289b97e9868f49b7b44bd4cde0244f5b3638a44950a1b0a5930a9
398,320239,319700,recent,1,,0,0,0,0,0,0,355506c8a1ab1cc7d497853204d09e8a9c1ce32138da4b26562aae4dc6d90041
399,131460,131422,recent,1,,0,0,0,0,0,0,3a69c182d3c34a126a23f5666d0149257a2cba1fc3948e69842ca0640a6b5023
400,242818,242339,recent,1,,0,0,0,0,0,0,c49bdf91cf23d4468b30b4a79139986d58a74748fb56f624416ddea0f7b2e59b
