item,annotator,responsiveness
1,final,0
2,final,0
3,final,0
4,final,0
5,final,0
6,final,1
7,final,0
8,final,0
9,final,0
10,final,0
11,final,0
12,final,0
13,final,0
14,final,0
15,final,0
16,final,0
17,final,0
18,final,0
19,final,0
20,final,0
21,final,0
22,final,0
23,final,0
24,final,0
25,final,0
26,final,0
27,final,0
28,final,0
29,final,0
30,final,0
31,final,0
32,final,0
33,final,0
34,final,1
35,final,0
36,final,0
37,final,0
38,final,0
39,final,0
40,final,0
41,final,0
42,final,0
43,final,0
44,final,0
45,final,0
46,final,1
47,final,0
48,final,unsure
49,final,0
50,final,0
51,final,0
52,final,0
53,final,0
54,final,0
55,final,0
56,final,0
57,final,0
58,final,0
59,final,0
60,final,0
61,final,0
62,final,0
63,final,0
64,final,0
65,final,0
66,final,0
67,final,0
68,final,0
69,final,0
70,final,0
71,final,0
72,final,0
73,final,0
74,final,0
75,final,0
76,final,0
77,final,0
78,final,0
79,final,0
80,final,0
81,final,0
82,final,0
83,final,0
84,final,0
85,final,0
86,final,0
87,final,0
88,final,1
89,final,0
90,final,0
91,final,0
92,final,0
93,final,0
94,final,0
95,final,1
96,final,0
97,final,0
98,final,0
99,final,0
100,final,0
101,final,0
102,final,1
103,final,0
104,final,1
105,final,0
106,final,0
107,final,0
108,final,1
109,final,0
110,final,0
111,final,0
112,final,0
113,final,1
114,final,0
115,final,0
116,final,0
117,final,0
118,final,0
119,final,0
120,final,0
121,final,0
122,final,0
123,final,0
124,final,0
125,final,0
126,final,0
127,final,1
128,final,0
129,final,0
130,final,0
131,final,0
132,final,1
133,final,1
134,final,0
135,final,0
136,final,0
137,final,0
138,final,0
139,final,unsure
140,final,0
141,final,0
142,final,0
143,final,0
144,final,0
145,final,0
146,final,0
147,final,0
148,final,0
149,final,0
150,final,0
151,final,1
152,final,0
153,final,0
154,final,0
155,final,0
156,final,1
157,final,0
158,final,0
159,final,0
160,final,1
161,final,0
162,final,0
163,final,0
164,final,0
165,final,0
166,final,0
167,final,0
168,final,0
169,final,0
170,final,0
171,final,0
172,final,0
173,final,0
174,final,0
175,final,0
176,final,0
177,final,0
178,final,0
179,final,0
180,final,0
181,final,0
182,final,1
183,final,0
184,final,0
185,final,0
186,final,0
187,final,0
188,final,0
189,final,0
190,final,0
191,final,0
192,final,0
193,final,0
194,final,0
195,final,0
196,final,0
197,final,0
198,final,1
199,final,0
200,final,0
201,final,0
202,final,0
203,final,0
204,final,1
205,final,0
206,final,0
207,final,0
208,final,0
209,final,0
210,final,0
211,final,0
212,final,0
213,final,0
214,final,0
215,final,0
216,final,1
217,final,0
218,final,0
219,final,0
220,final,0
221,final,0
222,final,0
223,final,0
224,final,0
225,final,0
226,final,0
227,final,0
228,final,0
229,final,0
230,final,0
231,final,0
232,final,1
233,final,0
234,final,1
235,final,0
236,final,0
237,final,unsure
238,final,0
239,final,0
240,final,0
241,final,0
242,final,0
243,final,0
244,final,0
245,final,0
246,final,unsure
247,final,0
248,final,0
249,final,0
250,final,0
251,final,0
252,final,0
253,final,0
254,final,0
255,final,0
256,final,0
257,final,0
258,final,0
259,final,0
260,final,0
261,final,0
262,final,0
263,final,0
264,final,0
265,final,0
266,final,0
267,final,0
268,final,0
269,final,0
270,final,0
271,final,0
272,final,0
273,final,0
274,final,0
275,final,0
276,final,0
277,final,0
278,final,0
279,final,0
280,final,0
281,final,0
282,final,0
283,final,0
284,final,0
285,final,0
286,final,1
287,final,1
288,final,unsure
289,final,0
290,final,0
291,final,0
292,final,0
293,final,0
294,final,0
295,final,0
296,final,0
297,final,0
298,final,1
299,final,0
300,final,0
301,final,0
302,final,0
303,final,0
304,final,0
305,final,0
306,final,0
307,final,0
308,final,0
309,final,0
310,final,0
311,final,0
312,final,0
313,final,0
314,final,0
315,final,0
316,final,0
317,final,0
318,final,0
319,final,0
320,final,0
321,final,0
322,final,0
323,final,0
324,final,0
325,final,0
326,final,0
327,final,0
328,final,0
329,final,0
330,final,0
331,final,1
332,final,0
333,final,1
334,final,0
335,final,0
336,final,0
337,final,0
338,final,1
339,final,0
340,final,0
341,final,0
342,final,0
343,final,0
344,final,0
345,final,1
346,final,0
347,final,0
348,final,0
349,final,1
350,final,0
351,final,0
352,final,0
353,final,0
354,final,0
355,final,0
356,final,0
357,final,0
358,final,0
359,final,0
360,final,0
361,final,0
362,final,0
363,final,0
364,final,1
365,final,0
366,final,0
367,final,1
368,final,0
369,final,0
370,final,0
371,final,0
372,final,0
373,final,0
374,final,0
375,final,0
376,final,0
377,final,0
378,final,1
379,final,1
380,final,0
381,final,0
382,final,0
383,final,0
384,final,0
385,final,0
386,final,0
387,final,0
388,final,0
389,final,0
390,final,0
391,final,0
392,final,0
393,final,0
394,final,0
395,final,0
396,final,0
397,final,0
398,final,0
399,final,0
400,final,0
