blind_id,review,accepted_actions,execution_issue,useful,grounded,department_correct,no_invented_facts,notes
output-0001,Our air conditioner blew warm air throughout the night despite the cold setting.,"[{""problem"": ""Air conditioning blowing warm air"", ""excerpt"": ""Our air conditioner blew warm air throughout the night despite the cold setting."", ""measure"": ""Check the thermostat settings and ensure they are set correctly."", ""department"": ""maintenance"", ""to_confirm"": [""Correct temperature settings""]}]",,,,,,
output-0002,A bulb failed on arrival; the team replaced it immediately and it worked for the rest of the stay.,[],,,,,,
output-0003,Adequate for one night.,[],,,,,,
output-0004,"The rooftop was delightful, yet our request for fresh towels received no answer.","[{""problem"": ""No response to towel request"", ""excerpt"": ""Our request for fresh towels received no answer."", ""measure"": ""Follow up with the front desk to inquire about the status of the towel request."", ""department"": ""reception"", ""to_confirm"": [""Response time""]}]",,,,,,
output-0005,"Fresh linen, quiet surroundings and a smooth arrival made this a relaxing visit.",[],,,,,,
output-0006,"Every breakfast item was hot, and the dining team refilled the trays promptly.",[],,,,,,
output-0007,"We reported a broken door latch twice, but nobody returned with an update.","[{""problem"": ""Unresolved complaint about broken door latch"", ""excerpt"": ""We reported a broken door latch twice, but nobody returned with an update."", ""measure"": ""Follow up with the front desk to inquire about the status of the repair."", ""department"": ""reception"", ""to_confirm"": [""Response time"", ""Status of the repair""]}]",,,,,,
output-0008,Please consider adding a vegan dessert to the dinner menu in future.,[],actions:invalid_output,,,,,
output-0009,The elevator stopped operating and we had to carry our suitcases up four floors.,"[{""problem"": ""Elevator malfunction"", ""excerpt"": ""The elevator stopped operating and we had to carry our suitcases up four floors."", ""measure"": ""Report the issue to the property management immediately."", ""department"": ""management"", ""to_confirm"": [""Confirmation of reported issue""]}]",,,,,,
output-0010,A loud pump outside the window woke us repeatedly after midnight.,[],,,,,,
output-0011,"Fresh linen, quiet surroundings and a smooth arrival made this a relaxing visit.",[],,,,,,
output-0012,"It would be inconvenient if the lift broke, but it worked on every trip we made.","[{""problem"": ""Lift breaking"", ""excerpt"": ""It would be inconvenient if the lift broke, but it worked on every trip we made."", ""measure"": ""Install backup power supply in case of electrical failure."", ""department"": ""maintenance"", ""to_confirm"": [""Backup power supply installed""]}]",,,,,,
output-0013,A loud pump outside the window woke us repeatedly after midnight.,"[{""problem"": ""Loud pump outside the window"", ""excerpt"": ""A loud pump outside the window woke us repeatedly after midnight."", ""measure"": ""Install soundproofing material around the window."", ""department"": ""management"", ""to_confirm"": [""Window location""]}]",,,,,,
output-0014,Dinner tasted excellent but the corridor lighting was broken and hard to navigate.,[],measures:Expecting value: line 1 column 1 (char 0),,,,,
output-0015,We loved the welcome drink. Unfortunately the duvet cover had dark stains.,"[{""problem"": ""Dark stains on duvet cover"", ""excerpt"": ""Unfortunately the duvet cover had dark stains."", ""measure"": ""Contact the cleaning staff to address the stain issue."", ""department"": ""housekeeping"", ""to_confirm"": [""Confirmation of stain removal""]}, {""problem"": ""Dirty welcome drink"", ""excerpt"": ""We loved the welcome drink."", ""measure"": ""Request replacement of the dirty welcome drink."", ""department"": ""food_and_beverage"", ""to_confirm"": [""Replacement confirmation""]}]",,,,,,
output-0016,"The beds were comfortable, but the cooling system leaked onto the carpet.",[],issues:duplicate_issue_excerpt,,,,,
output-0017,Dinner tasted excellent but the corridor lighting was broken and hard to navigate.,"[{""problem"": ""Broken corridor lighting"", ""excerpt"": ""Dinner tasted excellent but the corridor lighting was broken and hard to navigate."", ""measure"": ""Report the issue to the maintenance team."", ""department"": ""maintenance"", ""to_confirm"": [""Corridor lighting repair""]}, {""problem"": ""Hard to navigate due to broken corridor lighting"", ""excerpt"": ""Dinner tasted excellent but the corridor lighting was broken and hard to navigate."", ""measure"": ""Ensure that the corridor lighting is repaired promptly."", ""department"": ""management"", ""to_confirm"": [""Repair status of corridor lighting""]}]",,,,,,
output-0018,"We would return for the location, though the accessible entrance was blocked by delivery boxes.",[],,,,,,
output-0019,"The receptionist was cheerful, but the promised early breakfast was never available.","[{""problem"": ""Unavailability of early breakfast"", ""excerpt"": ""The receptionist was cheerful, but the promised early breakfast was never available."", ""measure"": ""Contact the management directly to inquire about the availability of early breakfast."", ""department"": ""management"", ""to_confirm"": [""Confirmation of early breakfast availability""]}]",,,,,,
output-0020,The bath was spotless and hot water was available whenever we needed it.,[],,,,,,
output-0021,Water from the shower tray spread across the bathroom floor each morning.,"[{""problem"": ""Water spreading on bathroom floor"", ""excerpt"": ""Water from the shower tray spread across the bathroom floor each morning."", ""measure"": ""Check if the shower head is leaking and repair it if necessary."", ""department"": ""maintenance"", ""to_confirm"": [""Leaking shower head""]}, {""problem"": ""Bathroom cleanliness"", ""excerpt"": ""Water from the shower tray spread across the bathroom floor each morning."", ""measure"": ""Ensure that the bathroom is thoroughly cleaned daily by the housekeeping staff."", ""department"": ""housekeeping"", ""to_confirm"": [""Daily cleaning schedule"", ""Housekeeping staff availability""]}]",,,,,,
output-0022,The desk surface had sticky rings and crumbs when we checked in.,"[{""problem"": ""Sticky rings on the desk"", ""excerpt"": ""The desk surface had sticky rings and crumbs when we checked in."", ""measure"": ""Clean the desk thoroughly before guests check-in."", ""department"": ""housekeeping"", ""to_confirm"": [""Desk cleaned""]}, {""problem"": ""Crumbs on the desk"", ""excerpt"": ""The desk surface had sticky rings and crumbs when we checked in."", ""measure"": ""Ensure that crumbs are removed promptly after guests leave."", ""department"": ""housekeeping"", ""to_confirm"": [""Crumbs removed""]}]",,,,,,
output-0023,The bath was spotless and hot water was available whenever we needed it.,[],,,,,,
output-0024,"The receptionist was cheerful, but the promised early breakfast was never available.",[],,,,,,
output-0025,Small ants kept emerging from the wardrobe during our stay.,[],,,,,,
output-0026,The elevator stopped operating and we had to carry our suitcases up four floors.,[],,,,,,
output-0027,Breakfast eggs arrived cold and the replacement was cold as well.,[],,,,,,
output-0028,A bulb failed on arrival; the team replaced it immediately and it worked for the rest of the stay.,"[{""problem"": ""Bulb failure during arrival"", ""excerpt"": ""A bulb failed on arrival; the team replaced it immediately and it worked for the rest of the stay."", ""measure"": ""Check if any bulbs are failing before guests arrive in future stays."", ""department"": ""maintenance"", ""to_confirm"": [""No further issues reported""]}]",,,,,,
output-0029,The desk surface had sticky rings and crumbs when we checked in.,[],measures:Expecting value: line 1 column 1 (char 0),,,,,
output-0030,Water from the shower tray spread across the bathroom floor each morning.,[],measures:Expecting value: line 1 column 1 (char 0),,,,,
output-0031,Adequate for one night.,[],,,,,,
output-0032,"The beds were comfortable, but the cooling system leaked onto the carpet.","[{""problem"": ""Leaking cooling system"", ""excerpt"": ""The cooling system leaked onto the carpet."", ""measure"": ""Contact maintenance to investigate and repair the leaking cooling system."", ""department"": ""maintenance"", ""to_confirm"": [""Confirmation of leak location"", ""Availability of replacement parts""]}]",,,,,,
output-0033,Small ants kept emerging from the wardrobe during our stay.,[],actions:invalid_output,,,,,
output-0034,"Every breakfast item was hot, and the dining team refilled the trays promptly.",[],,,,,,
output-0035,"The rooftop was delightful, yet our request for fresh towels received no answer.",[],issues:issue_quote_missing,,,,,
output-0036,"We would return for the location, though the accessible entrance was blocked by delivery boxes.",[],actions:invalid_output,,,,,
output-0037,We loved the welcome drink. Unfortunately the duvet cover had dark stains.,[],measures:Expecting value: line 1 column 1 (char 0),,,,,
output-0038,Breakfast eggs arrived cold and the replacement was cold as well.,"[{""problem"": ""Cold breakfast eggs"", ""excerpt"": ""Breakfast eggs arrived cold and the replacement was cold as well."", ""measure"": ""Contact the kitchen staff to ensure proper storage and service procedures are followed."", ""department"": ""food_and_beverage"", ""to_confirm"": [""Confirmation of cold items being stored properly""]}, {""problem"": ""Replacement cold"", ""excerpt"": ""Breakfast eggs arrived cold and the replacement was cold as well."", ""measure"": ""Check if the replacement item was also served cold and address any issues related to temperature control in the kitchen."", ""department"": ""food_and_beverage"", ""to_confirm"": [""Confirmation that the replacement item was served cold""]}]",,,,,,
output-0039,"Staff were friendly; however, a cockroach appeared beside the sink on both evenings.","[{""problem"": ""Cockroach in bathroom"", ""excerpt"": ""Staff were friendly; however, a cockroach appeared beside the sink on both evenings."", ""measure"": ""Notify maintenance to inspect and clean the area thoroughly."", ""department"": ""housekeeping"", ""to_confirm"": [""Confirmation of cockroach presence""]}, {""problem"": ""Pest control issue"", ""excerpt"": ""Staff were friendly; however, a cockroach appeared beside the sink on both evenings."", ""measure"": ""Inform management about the ongoing pest control issues."", ""department"": ""management"", ""to_confirm"": [""Management's response and follow-up""]}]",,,,,,
output-0040,"We reported a broken door latch twice, but nobody returned with an update.",[],,,,,,
output-0041,Our heating and cooling controls worked exactly as we expected.,[],,,,,,
output-0042,"It would be inconvenient if the lift broke, but it worked on every trip we made.",[],,,,,,
output-0043,Our air conditioner blew warm air throughout the night despite the cold setting.,[],measures:Expecting value: line 1 column 1 (char 0),,,,,
output-0044,Our heating and cooling controls worked exactly as we expected.,[],,,,,,
output-0045,"The lake view was wonderful, although the bathroom fan rattled whenever it was switched on.",[],issues:issue_quote_missing,,,,,
output-0046,"Staff were friendly; however, a cockroach appeared beside the sink on both evenings.",[],issues:invalid_issue_schema,,,,,
output-0047,Please consider adding a vegan dessert to the dinner menu in future.,[],,,,,,
output-0048,"The lake view was wonderful, although the bathroom fan rattled whenever it was switched on.","[{""problem"": ""Rattling bathroom fan"", ""excerpt"": ""The bathroom fan rattled whenever it was switched on."", ""measure"": ""Check if the fan needs repair or replacement."", ""department"": ""maintenance"", ""to_confirm"": [""Fan status""]}]",,,,,,
