blind_id,review,issue_assessments,accepted_actions,execution_issue,actual_problem_count,missed_problem_count,false_exclusion_count,unaddressed_problem_count,invented_problem_count,unnecessary_action_count,useful_action_count,wrong_department_count,useful,grounded,department_correct,no_invented_facts,notes
0001,"The lake view was wonderful, although the bathroom fan rattled whenever it was switched on.","[{""issue_id"": 1, ""problem"": ""Rattling bathroom fan"", ""excerpt"": ""The lake view was wonderful, although the bathroom fan rattled whenever it was switched on."", ""evidence"": {""reported"": ""The lake view was wonderful, although the bathroom fan rattled whenever it was switched on."", ""hypothetical"": null, ""resolved"": null}, ""status"": ""UNCERTAIN"", ""category"": ""equipment_fault"", ""model_status"": ""HYPOTHETICAL"", ""department"": ""maintenance"", ""review_reasons"": [""hypothetical_evidence_missing_or_conflicting"", ""uncertain_issue""]}]",[],,1,0,0,1,0,0,0,0,0,na,na,na,"Recognized as UNCERTAIN but no measure attached: unaddressed=1, useful=0."
0002,The elevator stopped operating and we had to carry our suitcases up four floors.,"[{""issue_id"": 1, ""problem"": ""Elevator failure"", ""excerpt"": ""The elevator stopped operating and we had to carry our suitcases up four floors."", ""evidence"": {""reported"": ""The elevator stopped operating and we had to carry our suitcases up four floors."", ""hypothetical"": null, ""resolved"": null}, ""status"": ""REAL_PENDING"", ""category"": ""equipment_fault"", ""model_status"": ""REAL_PENDING"", ""department"": ""maintenance"", ""review_reasons"": []}]","[{""problem"": ""Elevator failure"", ""excerpt"": ""The elevator stopped operating and we had to carry our suitcases up four floors."", ""measure"": ""Contact maintenance department to confirm the status of the elevator."", ""department"": ""maintenance"", ""to_confirm"": [""Verify whether the reported problem is still present.""]}]",,1,0,0,0,0,0,1,0,1,1,1,1,
0003,"The rooftop was delightful, yet our request for fresh towels received no answer.","[{""issue_id"": 1, ""problem"": ""No response to towel request"", ""excerpt"": ""The rooftop was delightful, yet our request for fresh towels received no answer."", ""evidence"": {""reported"": null, ""hypothetical"": null, ""resolved"": null}, ""status"": ""UNCERTAIN"", ""category"": ""service_response"", ""model_status"": ""HYPOTHETICAL"", ""department"": ""reception"", ""review_reasons"": [""hypothetical_evidence_missing_or_conflicting"", ""uncertain_issue""]}]",[],,1,0,0,1,0,0,0,0,0,na,na,na,"Recognized as UNCERTAIN but no measure attached: unaddressed=1, useful=0."
0004,The bath was spotless and hot water was available whenever we needed it.,[],[],,0,0,0,0,0,0,0,0,1,na,na,na,
0005,Dinner tasted excellent but the corridor lighting was broken and hard to navigate.,"[{""issue_id"": 1, ""problem"": ""Broken corridor lighting"", ""excerpt"": ""Dinner tasted excellent but the corridor lighting was broken and hard to navigate."", ""evidence"": {""reported"": null, ""hypothetical"": null, ""resolved"": null}, ""status"": ""UNCERTAIN"", ""category"": ""cleanliness"", ""model_status"": ""HYPOTHETICAL"", ""department"": ""housekeeping"", ""review_reasons"": [""hypothetical_evidence_missing_or_conflicting"", ""uncertain_issue""]}]",[],,1,0,0,1,0,0,0,0,0,na,na,na,"Recognized as UNCERTAIN but no measure attached: unaddressed=1, useful=0."
0006,"The beds were comfortable, but the cooling system leaked onto the carpet.",[],[],issues:invalid_evidence_issue_schema,1,1,0,1,0,0,0,0,0,na,na,na,"Extraction failed (execution_issue): actual=1, missed=1, unaddressed=1, useful=0."
0007,Please consider adding a vegan dessert to the dinner menu in future.,"[{""issue_id"": 1, ""problem"": ""Lack of vegan options on menu"", ""excerpt"": ""Please consider adding a vegan dessert to the dinner menu in future."", ""evidence"": {""reported"": null, ""hypothetical"": null, ""resolved"": null}, ""status"": ""UNCERTAIN"", ""category"": ""food_beverage"", ""model_status"": ""HYPOTHETICAL"", ""department"": ""food_and_beverage"", ""review_reasons"": [""hypothetical_evidence_missing_or_conflicting"", ""uncertain_issue""]}]",[],,0,0,0,0,1,0,0,0,0,na,na,na,"Guest suggestion, not a problem: invented=1, useful=0."
0008,"Every breakfast item was hot, and the dining team refilled the trays promptly.","[{""issue_id"": 1, ""problem"": ""Hot breakfast items"", ""excerpt"": ""Every breakfast item was hot, and the dining team refilled the trays promptly."", ""evidence"": {""reported"": null, ""hypothetical"": null, ""resolved"": null}, ""status"": ""UNCERTAIN"", ""category"": ""food_beverage"", ""model_status"": ""HYPOTHETICAL"", ""department"": ""food_and_beverage"", ""review_reasons"": [""hypothetical_evidence_missing_or_conflicting"", ""uncertain_issue""]}]",[],,0,0,0,0,1,0,0,0,0,na,na,na,"Praise, not a problem: invented=1, useful=0."
0009,Our heating and cooling controls worked exactly as we expected.,[],[],,0,0,0,0,0,0,0,0,1,na,na,na,
0010,"We reported a broken door latch twice, but nobody returned with an update.",[],[],issues:invalid_evidence_span_id,1,1,0,1,0,0,0,0,0,na,na,na,Extraction failed. One composite problem (broken latch plus no follow-up to two reports).
0011,"Staff were friendly; however, a cockroach appeared beside the sink on both evenings.","[{""issue_id"": 1, ""problem"": ""Appearance of cockroach"", ""excerpt"": ""however, a cockroach appeared beside the sink on both evenings."", ""evidence"": {""reported"": null, ""hypothetical"": null, ""resolved"": null}, ""status"": ""UNCERTAIN"", ""category"": ""pests"", ""model_status"": ""HYPOTHETICAL"", ""department"": ""housekeeping"", ""review_reasons"": [""hypothetical_evidence_missing_or_conflicting"", ""uncertain_issue""]}]",[],,1,0,0,1,0,0,0,0,0,na,na,na,"Recognized as UNCERTAIN but no measure attached: unaddressed=1, useful=0."
0012,"We would return for the location, though the accessible entrance was blocked by delivery boxes.","[{""issue_id"": 1, ""problem"": ""Blocked accessible entrance due to delivery boxes"", ""excerpt"": ""We would return for the location, though the accessible entrance was blocked by delivery boxes."", ""evidence"": {""reported"": null, ""hypothetical"": null, ""resolved"": null}, ""status"": ""UNCERTAIN"", ""category"": ""access"", ""model_status"": ""HYPOTHETICAL"", ""department"": ""management"", ""review_reasons"": [""hypothetical_evidence_missing_or_conflicting"", ""uncertain_issue"", ""department_needs_confirmation""]}]",[],,1,0,0,1,0,0,0,0,0,na,na,na,"Recognized as UNCERTAIN but no measure attached: unaddressed=1, useful=0."
0013,Small ants kept emerging from the wardrobe during our stay.,"[{""issue_id"": 1, ""problem"": ""Ants in wardrobe"", ""excerpt"": ""Small ants kept emerging from the wardrobe during our stay."", ""evidence"": {""reported"": ""Small ants kept emerging from the wardrobe during our stay."", ""hypothetical"": null, ""resolved"": null}, ""status"": ""UNCERTAIN"", ""category"": ""pests"", ""model_status"": ""HYPOTHETICAL"", ""department"": ""housekeeping"", ""review_reasons"": [""hypothetical_evidence_missing_or_conflicting"", ""uncertain_issue""]}]",[],,1,0,0,1,0,0,0,0,0,na,na,na,"Recognized as UNCERTAIN but no measure attached: unaddressed=1, useful=0."
0014,Water from the shower tray spread across the bathroom floor each morning.,[],[],issues:invalid_evidence_issue_schema,1,1,0,1,0,0,0,0,0,na,na,na,"Extraction failed: actual=1, missed=1, unaddressed=1 (corrected from 0), useful=0."
0015,Adequate for one night.,[],[],,0,0,0,0,0,0,0,0,1,na,na,na,
0016,The desk surface had sticky rings and crumbs when we checked in.,"[{""issue_id"": 1, ""problem"": ""Sticky desk surface"", ""excerpt"": ""The desk surface had sticky rings and crumbs when we checked in."", ""evidence"": {""reported"": ""The desk surface had sticky rings and crumbs when we checked in."", ""hypothetical"": null, ""resolved"": null}, ""status"": ""REAL_PENDING"", ""category"": ""cleanliness"", ""model_status"": ""REAL_PENDING"", ""department"": ""housekeeping"", ""review_reasons"": []}]","[{""problem"": ""Sticky desk surface"", ""excerpt"": ""The desk surface had sticky rings and crumbs when we checked in."", ""measure"": ""Clean the desk surface thoroughly."", ""department"": ""housekeeping"", ""to_confirm"": [""The desk surface is now free from sticky rings and crumbs."", ""Verify whether the reported problem is still present.""]}]",,1,0,0,0,0,0,1,0,1,1,1,1,
0017,A loud pump outside the window woke us repeatedly after midnight.,[],[],issues:invalid_json,1,1,0,1,0,0,0,0,0,na,na,na,"Extraction failed (execution_issue): actual=1, missed=1, unaddressed=1, useful=0."
0018,Breakfast eggs arrived cold and the replacement was cold as well.,"[{""issue_id"": 1, ""problem"": ""Cold breakfast eggs"", ""excerpt"": ""Breakfast eggs arrived cold and the replacement was cold as well."", ""evidence"": {""reported"": ""Breakfast eggs arrived cold and the replacement was cold as well."", ""hypothetical"": null, ""resolved"": null}, ""status"": ""REAL_PENDING"", ""category"": ""food_beverage"", ""model_status"": ""REAL_PENDING"", ""department"": ""food_and_beverage"", ""review_reasons"": []}]","[{""problem"": ""Cold breakfast eggs"", ""excerpt"": ""Breakfast eggs arrived cold and the replacement was cold as well."", ""measure"": ""Check temperature of all food items upon receipt."", ""department"": ""food_and_beverage"", ""to_confirm"": [""Temperature of breakfast eggs received is within acceptable range"", ""Replacement breakfast eggs have been warmed up"", ""Verify whether the reported problem is still present.""]}]",,1,0,0,0,0,0,1,0,1,1,1,1,
0019,"Fresh linen, quiet surroundings and a smooth arrival made this a relaxing visit.",[],[],,0,0,0,0,0,0,0,0,1,na,na,na,
0020,A bulb failed on arrival; the team replaced it immediately and it worked for the rest of the stay.,"[{""issue_id"": 1, ""problem"": ""Bulb failure during arrival"", ""excerpt"": ""A bulb failed on arrival;"", ""evidence"": {""reported"": ""A bulb failed on arrival;"", ""hypothetical"": null, ""resolved"": null}, ""status"": ""REAL_PENDING"", ""category"": ""equipment_fault"", ""model_status"": ""REAL_PENDING"", ""department"": ""maintenance"", ""review_reasons"": []}]","[{""problem"": ""Bulb failure during arrival"", ""excerpt"": ""A bulb failed on arrival;"", ""measure"": ""Verify replacement was done by maintenance staff."", ""department"": ""maintenance"", ""to_confirm"": [""The replacement was performed by a maintenance staff member."", ""Verify whether the reported problem is still present.""]}]",,0,0,0,0,0,1,0,0,0,1,1,1,"Problem already resolved: actual=0, unnecessary=1, useful=0; grounded=1 and no_invented_facts=1 (to_confirm items are verifications, the fault is in the review)."
0021,We loved the welcome drink. Unfortunately the duvet cover had dark stains.,"[{""issue_id"": 1, ""problem"": ""Dark stains on duvet cover"", ""excerpt"": ""Unfortunately the duvet cover had dark stains."", ""evidence"": {""reported"": null, ""hypothetical"": null, ""resolved"": null}, ""status"": ""UNCERTAIN"", ""category"": ""cleanliness"", ""model_status"": ""HYPOTHETICAL"", ""department"": ""housekeeping"", ""review_reasons"": [""hypothetical_evidence_missing_or_conflicting"", ""uncertain_issue""]}]",[],,1,0,0,1,0,0,0,0,0,na,na,na,"Recognized as UNCERTAIN but no measure attached: unaddressed=1, useful=0."
0022,"It would be inconvenient if the lift broke, but it worked on every trip we made.","[{""issue_id"": 1, ""problem"": ""Lift failure"", ""excerpt"": ""It would be inconvenient if the lift broke, but it worked on every trip we made."", ""evidence"": {""reported"": null, ""hypothetical"": null, ""resolved"": null}, ""status"": ""UNCERTAIN"", ""category"": ""access"", ""model_status"": ""HYPOTHETICAL"", ""department"": ""management"", ""review_reasons"": [""hypothetical_evidence_missing_or_conflicting"", ""uncertain_issue"", ""department_needs_confirmation""]}]",[],,0,0,0,0,0,0,0,0,1,na,na,na,"Counterfactual raised by the review itself; UNCERTAIN with no action is a justified abstention, not an invention."
0023,Our air conditioner blew warm air throughout the night despite the cold setting.,"[{""issue_id"": 1, ""problem"": ""Air conditioning blowing warm air"", ""excerpt"": ""Our air conditioner blew warm air throughout the night despite the cold setting."", ""evidence"": {""reported"": ""Our air conditioner blew warm air throughout the night despite the cold setting."", ""hypothetical"": null, ""resolved"": null}, ""status"": ""REAL_PENDING"", ""category"": ""equipment_fault"", ""model_status"": ""REAL_PENDING"", ""department"": ""maintenance"", ""review_reasons"": []}]","[{""problem"": ""Air conditioning blowing warm air"", ""excerpt"": ""Our air conditioner blew warm air throughout the night despite the cold setting."", ""measure"": ""Check thermostat settings and verify the air conditioner is functioning correctly."", ""department"": ""maintenance"", ""to_confirm"": [""The thermostat is set to the correct temperature."", ""The air conditioner is operating as expected."", ""Verify whether the reported problem is still present.""]}]",,1,0,0,0,0,0,1,0,1,1,1,1,
0024,"The receptionist was cheerful, but the promised early breakfast was never available.","[{""issue_id"": 1, ""problem"": ""Unavailable early breakfast"", ""excerpt"": ""The receptionist was cheerful, but the promised early breakfast was never available."", ""evidence"": {""reported"": ""The receptionist was cheerful, but the promised early breakfast was never available."", ""hypothetical"": null, ""resolved"": null}, ""status"": ""UNCERTAIN"", ""category"": ""food_beverage"", ""model_status"": ""HYPOTHETICAL"", ""department"": ""food_and_beverage"", ""review_reasons"": [""hypothetical_evidence_missing_or_conflicting"", ""uncertain_issue""]}]",[],,1,0,0,1,0,0,0,0,0,na,na,na,"Recognized as UNCERTAIN but no measure attached: unaddressed=1, useful=0."
