blind_id,field,A,B,review,issue_assessments,accepted_actions,A_notes,B_notes,protocol_guidance,agreed_value,adjudication_notes
0001,missed_problem_count,0,1,"The lake view was wonderful, although the bathroom fan rattled whenever it was switched on.","[{""issue_id"": 1, ""problem"": ""Rattling bathroom fan"", ""excerpt"": ""The lake view was wonderful, although the bathroom fan rattled whenever it was switched on."", ""evidence"": {""reported"": ""The lake view was wonderful, although the bathroom fan rattled whenever it was switched on."", ""hypothetical"": null, ""resolved"": null}, ""status"": ""UNCERTAIN"", ""category"": ""equipment_fault"", ""model_status"": ""HYPOTHETICAL"", ""department"": ""maintenance"", ""review_reasons"": [""hypothetical_evidence_missing_or_conflicting"", ""uncertain_issue""]}]",[],"Recognized as UNCERTAIN but no measure attached: unaddressed=1, useful=0.","Plainly stated problem; UNCERTAIN under-recognizes it (should be REAL_PENDING): missed=1, unaddressed=1.","Κατά το υπάρχον πρωτόκολλο, σωστά αναγνωρισμένο ζήτημα με τελικό status UNCERTAIN μετρά missed=0, unaddressed=1 όταν δεν έχει μέτρο. Η λανθασμένη αβεβαιότητα καταγράφεται στα notes.",0,"Κατά το πρωτόκολλο: σαφώς δηλωμένο πρόβλημα με τελικό status UNCERTAIN είναι αναγνωρισμένο, άρα missed=0· η απουσία μέτρου αποτυπώνεται στο unaddressed=1. Η αδύναμη αρχική εκτίμηση (model_status HYPOTHETICAL διορθώθηκε σε UNCERTAIN) καταγράφεται ως τεχνική παρατήρηση για παρακολούθηση, όχι ως missed."
0003,missed_problem_count,0,1,"The rooftop was delightful, yet our request for fresh towels received no answer.","[{""issue_id"": 1, ""problem"": ""No response to towel request"", ""excerpt"": ""The rooftop was delightful, yet our request for fresh towels received no answer."", ""evidence"": {""reported"": null, ""hypothetical"": null, ""resolved"": null}, ""status"": ""UNCERTAIN"", ""category"": ""service_response"", ""model_status"": ""HYPOTHETICAL"", ""department"": ""reception"", ""review_reasons"": [""hypothetical_evidence_missing_or_conflicting"", ""uncertain_issue""]}]",[],"Recognized as UNCERTAIN but no measure attached: unaddressed=1, useful=0.","Plainly stated problem; UNCERTAIN under-recognizes it (should be REAL_PENDING): missed=1, unaddressed=1.","Κατά το υπάρχον πρωτόκολλο, σωστά αναγνωρισμένο ζήτημα με τελικό status UNCERTAIN μετρά missed=0, unaddressed=1 όταν δεν έχει μέτρο. Η λανθασμένη αβεβαιότητα καταγράφεται στα notes.",0,"Κατά το πρωτόκολλο: σαφώς δηλωμένο πρόβλημα με τελικό status UNCERTAIN είναι αναγνωρισμένο, άρα missed=0· η απουσία μέτρου αποτυπώνεται στο unaddressed=1. Η αδύναμη αρχική εκτίμηση (model_status HYPOTHETICAL διορθώθηκε σε UNCERTAIN) καταγράφεται ως τεχνική παρατήρηση για παρακολούθηση, όχι ως missed."
0005,missed_problem_count,0,1,Dinner tasted excellent but the corridor lighting was broken and hard to navigate.,"[{""issue_id"": 1, ""problem"": ""Broken corridor lighting"", ""excerpt"": ""Dinner tasted excellent but the corridor lighting was broken and hard to navigate."", ""evidence"": {""reported"": null, ""hypothetical"": null, ""resolved"": null}, ""status"": ""UNCERTAIN"", ""category"": ""cleanliness"", ""model_status"": ""HYPOTHETICAL"", ""department"": ""housekeeping"", ""review_reasons"": [""hypothetical_evidence_missing_or_conflicting"", ""uncertain_issue""]}]",[],"Recognized as UNCERTAIN but no measure attached: unaddressed=1, useful=0.",Plainly stated fault; UNCERTAIN under-recognizes it: missed=1. Also miscategorized as 'cleanliness'.,"Κατά το υπάρχον πρωτόκολλο, σωστά αναγνωρισμένο ζήτημα με τελικό status UNCERTAIN μετρά missed=0, unaddressed=1 όταν δεν έχει μέτρο. Η λανθασμένη αβεβαιότητα καταγράφεται στα notes.",0,"Κατά το πρωτόκολλο: σαφώς δηλωμένο πρόβλημα με τελικό status UNCERTAIN είναι αναγνωρισμένο, άρα missed=0· η απουσία μέτρου αποτυπώνεται στο unaddressed=1. Η αδύναμη αρχική εκτίμηση (model_status HYPOTHETICAL διορθώθηκε σε UNCERTAIN) καταγράφεται ως τεχνική παρατήρηση για παρακολούθηση, όχι ως missed."
0010,actual_problem_count,1,2,"We reported a broken door latch twice, but nobody returned with an update.",[],[],Extraction failed. One composite problem (broken latch plus no follow-up to two reports).,Extraction failed. Two discrete problems: broken door latch and no response to two reports.,Συμφωνήστε εάν βλάβη μανδάλου και απουσία ανταπόκρισης είναι δύο διακριτά ζητήματα. Χρησιμοποιήστε τον ίδιο κανόνα σε όλες τις κριτικές.,2,"Κανόνας διακριτότητας, ίδιος για όλες τις κριτικές: δύο ζητήματα όταν έχουν διαφορετικό αντικείμενο, διαφορετική κατηγορία και μπορούν να ενεργοποιηθούν ανεξάρτητα. Η βλάβη μανδάλου (equipment_fault) και η έλλειψη ανταπόκρισης σε δύο αναφορές (service_response, διαφορετικό υπεύθυνο τμήμα) είναι αυτοτελή παράπονα, όπως τα «χωρίς απάντηση» κρίνονται αυτοτελή στα 0003/0024. Η εξαγωγή απέτυχε, άρα κανένα από τα δύο δεν αναγνωρίστηκε: actual=missed=unaddressed=2."
0010,missed_problem_count,1,2,"We reported a broken door latch twice, but nobody returned with an update.",[],[],Extraction failed. One composite problem (broken latch plus no follow-up to two reports).,Extraction failed. Two discrete problems: broken door latch and no response to two reports.,Συμφωνήστε εάν βλάβη μανδάλου και απουσία ανταπόκρισης είναι δύο διακριτά ζητήματα. Χρησιμοποιήστε τον ίδιο κανόνα σε όλες τις κριτικές.,2,"Κανόνας διακριτότητας, ίδιος για όλες τις κριτικές: δύο ζητήματα όταν έχουν διαφορετικό αντικείμενο, διαφορετική κατηγορία και μπορούν να ενεργοποιηθούν ανεξάρτητα. Η βλάβη μανδάλου (equipment_fault) και η έλλειψη ανταπόκρισης σε δύο αναφορές (service_response, διαφορετικό υπεύθυνο τμήμα) είναι αυτοτελή παράπονα, όπως τα «χωρίς απάντηση» κρίνονται αυτοτελή στα 0003/0024. Η εξαγωγή απέτυχε, άρα κανένα από τα δύο δεν αναγνωρίστηκε: actual=missed=unaddressed=2."
0010,unaddressed_problem_count,1,2,"We reported a broken door latch twice, but nobody returned with an update.",[],[],Extraction failed. One composite problem (broken latch plus no follow-up to two reports).,Extraction failed. Two discrete problems: broken door latch and no response to two reports.,Συμφωνήστε εάν βλάβη μανδάλου και απουσία ανταπόκρισης είναι δύο διακριτά ζητήματα. Χρησιμοποιήστε τον ίδιο κανόνα σε όλες τις κριτικές.,2,"Κανόνας διακριτότητας, ίδιος για όλες τις κριτικές: δύο ζητήματα όταν έχουν διαφορετικό αντικείμενο, διαφορετική κατηγορία και μπορούν να ενεργοποιηθούν ανεξάρτητα. Η βλάβη μανδάλου (equipment_fault) και η έλλειψη ανταπόκρισης σε δύο αναφορές (service_response, διαφορετικό υπεύθυνο τμήμα) είναι αυτοτελή παράπονα, όπως τα «χωρίς απάντηση» κρίνονται αυτοτελή στα 0003/0024. Η εξαγωγή απέτυχε, άρα κανένα από τα δύο δεν αναγνωρίστηκε: actual=missed=unaddressed=2."
0011,missed_problem_count,0,1,"Staff were friendly; however, a cockroach appeared beside the sink on both evenings.","[{""issue_id"": 1, ""problem"": ""Appearance of cockroach"", ""excerpt"": ""however, a cockroach appeared beside the sink on both evenings."", ""evidence"": {""reported"": null, ""hypothetical"": null, ""resolved"": null}, ""status"": ""UNCERTAIN"", ""category"": ""pests"", ""model_status"": ""HYPOTHETICAL"", ""department"": ""housekeeping"", ""review_reasons"": [""hypothetical_evidence_missing_or_conflicting"", ""uncertain_issue""]}]",[],"Recognized as UNCERTAIN but no measure attached: unaddressed=1, useful=0.","Cockroach on two evenings is plainly stated; UNCERTAIN under-recognizes it: missed=1, unaddressed=1.","Κατά το υπάρχον πρωτόκολλο, σωστά αναγνωρισμένο ζήτημα με τελικό status UNCERTAIN μετρά missed=0, unaddressed=1 όταν δεν έχει μέτρο. Η λανθασμένη αβεβαιότητα καταγράφεται στα notes.",0,"Κατά το πρωτόκολλο: σαφώς δηλωμένο πρόβλημα με τελικό status UNCERTAIN είναι αναγνωρισμένο, άρα missed=0· η απουσία μέτρου αποτυπώνεται στο unaddressed=1. Η αδύναμη αρχική εκτίμηση (model_status HYPOTHETICAL διορθώθηκε σε UNCERTAIN) καταγράφεται ως τεχνική παρατήρηση για παρακολούθηση, όχι ως missed."
0012,missed_problem_count,0,1,"We would return for the location, though the accessible entrance was blocked by delivery boxes.","[{""issue_id"": 1, ""problem"": ""Blocked accessible entrance due to delivery boxes"", ""excerpt"": ""We would return for the location, though the accessible entrance was blocked by delivery boxes."", ""evidence"": {""reported"": null, ""hypothetical"": null, ""resolved"": null}, ""status"": ""UNCERTAIN"", ""category"": ""access"", ""model_status"": ""HYPOTHETICAL"", ""department"": ""management"", ""review_reasons"": [""hypothetical_evidence_missing_or_conflicting"", ""uncertain_issue"", ""department_needs_confirmation""]}]",[],"Recognized as UNCERTAIN but no measure attached: unaddressed=1, useful=0.","Plainly stated access problem; UNCERTAIN under-recognizes it: missed=1, unaddressed=1.","Κατά το υπάρχον πρωτόκολλο, σωστά αναγνωρισμένο ζήτημα με τελικό status UNCERTAIN μετρά missed=0, unaddressed=1 όταν δεν έχει μέτρο. Η λανθασμένη αβεβαιότητα καταγράφεται στα notes.",0,"Κατά το πρωτόκολλο: σαφώς δηλωμένο πρόβλημα με τελικό status UNCERTAIN είναι αναγνωρισμένο, άρα missed=0· η απουσία μέτρου αποτυπώνεται στο unaddressed=1. Η αδύναμη αρχική εκτίμηση (model_status HYPOTHETICAL διορθώθηκε σε UNCERTAIN) καταγράφεται ως τεχνική παρατήρηση για παρακολούθηση, όχι ως missed."
0013,missed_problem_count,0,1,Small ants kept emerging from the wardrobe during our stay.,"[{""issue_id"": 1, ""problem"": ""Ants in wardrobe"", ""excerpt"": ""Small ants kept emerging from the wardrobe during our stay."", ""evidence"": {""reported"": ""Small ants kept emerging from the wardrobe during our stay."", ""hypothetical"": null, ""resolved"": null}, ""status"": ""UNCERTAIN"", ""category"": ""pests"", ""model_status"": ""HYPOTHETICAL"", ""department"": ""housekeeping"", ""review_reasons"": [""hypothetical_evidence_missing_or_conflicting"", ""uncertain_issue""]}]",[],"Recognized as UNCERTAIN but no measure attached: unaddressed=1, useful=0.","Recurring pests are plainly stated; UNCERTAIN under-recognizes it: missed=1, unaddressed=1.","Κατά το υπάρχον πρωτόκολλο, σωστά αναγνωρισμένο ζήτημα με τελικό status UNCERTAIN μετρά missed=0, unaddressed=1 όταν δεν έχει μέτρο. Η λανθασμένη αβεβαιότητα καταγράφεται στα notes.",0,"Κατά το πρωτόκολλο: σαφώς δηλωμένο πρόβλημα με τελικό status UNCERTAIN είναι αναγνωρισμένο, άρα missed=0· η απουσία μέτρου αποτυπώνεται στο unaddressed=1. Η αδύναμη αρχική εκτίμηση (model_status HYPOTHETICAL διορθώθηκε σε UNCERTAIN) καταγράφεται ως τεχνική παρατήρηση για παρακολούθηση, όχι ως missed."
0020,grounded,1,0,A bulb failed on arrival; the team replaced it immediately and it worked for the rest of the stay.,"[{""issue_id"": 1, ""problem"": ""Bulb failure during arrival"", ""excerpt"": ""A bulb failed on arrival;"", ""evidence"": {""reported"": ""A bulb failed on arrival;"", ""hypothetical"": null, ""resolved"": null}, ""status"": ""REAL_PENDING"", ""category"": ""equipment_fault"", ""model_status"": ""REAL_PENDING"", ""department"": ""maintenance"", ""review_reasons"": []}]","[{""problem"": ""Bulb failure during arrival"", ""excerpt"": ""A bulb failed on arrival;"", ""measure"": ""Verify replacement was done by maintenance staff."", ""department"": ""maintenance"", ""to_confirm"": [""The replacement was performed by a maintenance staff member."", ""Verify whether the reported problem is still present.""]}]","Problem already resolved: actual=0, unnecessary=1, useful=0; grounded=1 and no_invented_facts=1 (to_confirm items are verifications, the fault is in the review).","Resolved problem: actual=0, unnecessary=1, useful=0; grounded=0 (the review contradicts the pending claim) and no_invented_facts=0 (assumes 'maintenance staff' where the review says 'the team').",Εξετάστε όλη την κριτική: η λάμπα αντικαταστάθηκε επιτυχώς. Το αυθεντικό απόσπασμα δεν τεκμηριώνει ότι παραμένει εκκρεμές πρόβλημα.,0,Εξετάστηκε ολόκληρη η κριτική: η λάμπα αντικαταστάθηκε αμέσως και λειτούργησε για την υπόλοιπη διαμονή. Το απόσπασμα «A bulb failed on arrival;» είναι περικομμένο ακριβώς πριν από τη λύση και δεν τεκμηριώνει εκκρεμές πρόβλημα· η πρόταση REAL_PENDING δεν υποστηρίζεται από το πλήρες πλαίσιό της → grounded=0.
0020,no_invented_facts,1,0,A bulb failed on arrival; the team replaced it immediately and it worked for the rest of the stay.,"[{""issue_id"": 1, ""problem"": ""Bulb failure during arrival"", ""excerpt"": ""A bulb failed on arrival;"", ""evidence"": {""reported"": ""A bulb failed on arrival;"", ""hypothetical"": null, ""resolved"": null}, ""status"": ""REAL_PENDING"", ""category"": ""equipment_fault"", ""model_status"": ""REAL_PENDING"", ""department"": ""maintenance"", ""review_reasons"": []}]","[{""problem"": ""Bulb failure during arrival"", ""excerpt"": ""A bulb failed on arrival;"", ""measure"": ""Verify replacement was done by maintenance staff."", ""department"": ""maintenance"", ""to_confirm"": [""The replacement was performed by a maintenance staff member."", ""Verify whether the reported problem is still present.""]}]","Problem already resolved: actual=0, unnecessary=1, useful=0; grounded=1 and no_invented_facts=1 (to_confirm items are verifications, the fault is in the review).","Resolved problem: actual=0, unnecessary=1, useful=0; grounded=0 (the review contradicts the pending claim) and no_invented_facts=0 (assumes 'maintenance staff' where the review says 'the team').",Ξεχωρίστε ισχυρισμό από ερώτημα επιβεβαίωσης: το Verify replacement was done by maintenance staff δεν αποδεικνύει μόνο του ότι το μοντέλο ισχυρίζεται ποιος την αντικατέστησε. Εξετάστε και την εκτίμηση REAL_PENDING.,0,"Το ερώτημα επιβεβαίωσης δεν είναι από μόνο του επινοημένο γεγονός (ισχυρισμός διαφορετικό από ερώτημα). Όμως η εκτίμηση REAL_PENDING ισχυρίζεται εκκρεμή βλάβη που η κριτική ρητά αρνείται, και το περικομμένο απόσπασμα αποκρύπτει τη λύση → προστίθεται ανύπαρκτο γεγονός → no_invented_facts=0."
0021,missed_problem_count,0,1,We loved the welcome drink. Unfortunately the duvet cover had dark stains.,"[{""issue_id"": 1, ""problem"": ""Dark stains on duvet cover"", ""excerpt"": ""Unfortunately the duvet cover had dark stains."", ""evidence"": {""reported"": null, ""hypothetical"": null, ""resolved"": null}, ""status"": ""UNCERTAIN"", ""category"": ""cleanliness"", ""model_status"": ""HYPOTHETICAL"", ""department"": ""housekeeping"", ""review_reasons"": [""hypothetical_evidence_missing_or_conflicting"", ""uncertain_issue""]}]",[],"Recognized as UNCERTAIN but no measure attached: unaddressed=1, useful=0.","Stained duvet is plainly stated; UNCERTAIN under-recognizes it: missed=1, unaddressed=1.","Κατά το υπάρχον πρωτόκολλο, σωστά αναγνωρισμένο ζήτημα με τελικό status UNCERTAIN μετρά missed=0, unaddressed=1 όταν δεν έχει μέτρο. Η λανθασμένη αβεβαιότητα καταγράφεται στα notes.",0,"Κατά το πρωτόκολλο: σαφώς δηλωμένο πρόβλημα με τελικό status UNCERTAIN είναι αναγνωρισμένο, άρα missed=0· η απουσία μέτρου αποτυπώνεται στο unaddressed=1. Η αδύναμη αρχική εκτίμηση (model_status HYPOTHETICAL διορθώθηκε σε UNCERTAIN) καταγράφεται ως τεχνική παρατήρηση για παρακολούθηση, όχι ως missed."
0022,invented_problem_count,0,1,"It would be inconvenient if the lift broke, but it worked on every trip we made.","[{""issue_id"": 1, ""problem"": ""Lift failure"", ""excerpt"": ""It would be inconvenient if the lift broke, but it worked on every trip we made."", ""evidence"": {""reported"": null, ""hypothetical"": null, ""resolved"": null}, ""status"": ""UNCERTAIN"", ""category"": ""access"", ""model_status"": ""HYPOTHETICAL"", ""department"": ""management"", ""review_reasons"": [""hypothetical_evidence_missing_or_conflicting"", ""uncertain_issue"", ""department_needs_confirmation""]}]",[],"Counterfactual raised by the review itself; UNCERTAIN with no action is a justified abstention, not an invention.","Issue 'Lift failure' asserts a problem the review explicitly denies: invented=1, useful=0.",Το ασανσέρ λειτουργούσε πάντα. Εξετάστε εάν το τελικό UNCERTAIN εμφανίζει υποθετικό ζήτημα προς έλεγχο ή κατασκευάζει πραγματική βλάβη. Κρίνετε χωριστά invented_problem_count και τη χρησιμότητα της συνολικής εξόδου.,1,Το ζήτημα «Lift failure» με reported=null κατασκευάζει ονομασμένη βλάβη που η κριτική ρητά αποκλείει («it worked on every trip we made»). Το τελικό UNCERTAIN εδώ δεν παρουσιάζει υποθετικό προς έλεγχο — η υποθετική διατύπωση ανήκε στον πελάτη — αλλά μετατρέπει το counterfactual σε βλάβη → invented=1.
0022,useful,1,0,"It would be inconvenient if the lift broke, but it worked on every trip we made.","[{""issue_id"": 1, ""problem"": ""Lift failure"", ""excerpt"": ""It would be inconvenient if the lift broke, but it worked on every trip we made."", ""evidence"": {""reported"": null, ""hypothetical"": null, ""resolved"": null}, ""status"": ""UNCERTAIN"", ""category"": ""access"", ""model_status"": ""HYPOTHETICAL"", ""department"": ""management"", ""review_reasons"": [""hypothetical_evidence_missing_or_conflicting"", ""uncertain_issue"", ""department_needs_confirmation""]}]",[],"Counterfactual raised by the review itself; UNCERTAIN with no action is a justified abstention, not an invention.","Issue 'Lift failure' asserts a problem the review explicitly denies: invented=1, useful=0.",Το ασανσέρ λειτουργούσε πάντα. Εξετάστε εάν το τελικό UNCERTAIN εμφανίζει υποθετικό ζήτημα προς έλεγχο ή κατασκευάζει πραγματική βλάβη. Κρίνετε χωριστά invented_problem_count και τη χρησιμότητα της συνολικής εξόδου.,0,"Κρίθηκε χωριστά από το invented: η κριτική δεν έχει πραγματικά προβλήματα, άρα η ενδεδειγμένη έξοδος είναι κενή, όπως στα 0004/0009/0015/0019. Η παραγωγή επινοημένου ζητήματος δεν είναι δικαιολογημένη αποχή → useful=0."
0024,missed_problem_count,0,1,"The receptionist was cheerful, but the promised early breakfast was never available.","[{""issue_id"": 1, ""problem"": ""Unavailable early breakfast"", ""excerpt"": ""The receptionist was cheerful, but the promised early breakfast was never available."", ""evidence"": {""reported"": ""The receptionist was cheerful, but the promised early breakfast was never available."", ""hypothetical"": null, ""resolved"": null}, ""status"": ""UNCERTAIN"", ""category"": ""food_beverage"", ""model_status"": ""HYPOTHETICAL"", ""department"": ""food_and_beverage"", ""review_reasons"": [""hypothetical_evidence_missing_or_conflicting"", ""uncertain_issue""]}]",[],"Recognized as UNCERTAIN but no measure attached: unaddressed=1, useful=0.","Plainly stated service failure; UNCERTAIN under-recognizes it: missed=1, unaddressed=1.","Κατά το υπάρχον πρωτόκολλο, σωστά αναγνωρισμένο ζήτημα με τελικό status UNCERTAIN μετρά missed=0, unaddressed=1 όταν δεν έχει μέτρο. Η λανθασμένη αβεβαιότητα καταγράφεται στα notes.",0,"Κατά το πρωτόκολλο: σαφώς δηλωμένο πρόβλημα με τελικό status UNCERTAIN είναι αναγνωρισμένο, άρα missed=0· η απουσία μέτρου αποτυπώνεται στο unaddressed=1. Η αδύναμη αρχική εκτίμηση (model_status HYPOTHETICAL διορθώθηκε σε UNCERTAIN) καταγράφεται ως τεχνική παρατήρηση για παρακολούθηση, όχι ως missed."
