item,raw_row,review_id,period,in_R,drawn_for,lex_bathroom,lex_cleanliness,lex_air_conditioning,lex_pests,lex_responsiveness,in_B
1,395268,394721,recent,1,,0,0,0,0,1,0
2,469215,468661,recent,1,,0,0,0,0,0,0
3,425003,424455,base,0,responsiveness,0,0,0,0,1,1
4,9076,9076,base,1,,0,0,0,0,0,0
5,263976,263447,recent,1,,0,0,0,0,0,0
6,497521,496957,recent,1,,0,1,0,0,0,0
7,498898,498334,recent,1,,0,0,0,0,0,1
8,172477,172438,base,1,,0,0,0,0,0,0
9,302599,302065,recent,1,,0,0,0,0,0,0
10,480759,480201,base,1,,0,0,0,0,0,0
11,271780,271251,base,1,,0,0,0,0,0,1
12,311048,310512,recent,0,pests,0,0,0,1,0,0
13,378007,377462,base,0,air_conditioning,0,0,1,0,0,0
14,322544,322005,base,1,,0,0,1,0,0,0
15,275942,275412,recent,1,,0,0,0,0,0,0
16,3383,3383,base,1,,0,0,0,0,0,0
17,338341,337798,recent,0,cleanliness,0,1,1,0,0,1
18,367193,366648,base,1,,0,0,0,0,0,1
19,344655,344112,base,1,,0,1,0,0,0,1
20,216808,216419,base,1,,0,0,0,0,0,0
21,48113,48110,base,0,responsiveness,0,0,0,0,1,0
22,359559,359015,base,1,,0,0,0,0,0,0
23,123426,123388,recent,0,air_conditioning,1,0,1,0,0,0
24,412788,412240,recent,1,,0,0,0,0,1,0
25,389657,389111,base,1,,0,0,0,0,0,0
26,197391,197003,base,1,,1,0,0,0,0,1
27,38722,38719,base,1,,1,1,0,1,0,0
28,195780,195392,base,1,,0,0,1,0,0,0
29,332381,331841,base,1,,0,0,0,0,0,0
30,169552,169513,base,0,cleanliness,1,1,0,0,0,0
31,104174,104137,base,0,cleanliness,0,1,0,0,0,1
32,156208,156170,base,1,,0,0,1,0,0,1
33,131878,131840,base,1,,0,0,0,0,0,0
34,357583,357039,base,0,cleanliness,0,1,0,0,0,0
35,290594,290062,recent,1,,0,0,0,0,0,1
36,275994,275464,recent,1,,0,0,0,0,0,0
37,432075,431527,base,1,,0,0,0,0,0,0
38,398538,397990,recent,1,,0,0,0,0,0,0
39,278764,278234,base,1,,0,0,0,0,0,0
40,122192,122154,base,0,bathroom,1,0,0,0,0,0
41,330276,329736,base,1,,0,0,0,0,0,1
42,430501,429953,recent,0,cleanliness,1,1,0,0,0,1
43,368318,367773,recent,1,,1,1,1,0,0,1
44,193411,193023,base,1,,0,0,0,0,0,0
45,254164,253684,recent,0,air_conditioning,0,0,1,0,0,1
46,62591,62586,base,1,,0,0,0,0,0,0
47,101269,101232,recent,1,,0,0,0,0,0,1
48,310772,310236,base,1,,0,0,0,0,0,0
49,327330,326790,recent,0,pests,0,0,0,1,0,0
50,406547,405999,base,0,bathroom,1,0,0,0,0,0
51,284702,284171,recent,1,,0,0,0,0,0,0
52,82713,82677,base,0,cleanliness,0,1,0,0,0,0
53,480724,480166,base,1,,0,0,0,0,0,1
54,15850,15850,base,1,,0,0,0,0,0,0
55,294691,294157,base,1,,0,0,0,0,0,0
56,252120,251640,base,1,,0,0,0,0,0,0
57,456693,456140,recent,1,,1,0,0,0,0,0
58,200078,199690,base,1,,0,0,1,0,0,0
59,144798,144760,base,1,,0,0,0,0,0,0
60,364345,363800,base,1,,0,0,0,0,0,1
61,467759,467205,base,1,,0,0,0,0,0,0
62,440333,439785,base,1,,0,0,0,0,0,1
63,470423,469869,recent,1,,0,0,0,0,0,0
64,66616,66611,recent,1,,0,0,0,0,0,0
65,322543,322004,base,0,pests,0,0,0,1,0,1
66,249105,248625,recent,0,responsiveness,0,0,0,0,1,0
67,66357,66352,recent,1,,0,0,0,0,0,0
68,343236,342693,base,1,,0,0,0,0,0,1
69,188693,188305,recent,1,,0,0,0,0,0,0
70,331519,330979,base,1,,0,0,0,0,0,0
71,413603,413055,recent,0,pests,0,1,0,1,0,0
72,320562,320023,base,0,cleanliness,1,1,0,0,0,0
73,274002,273473,recent,0,bathroom,1,0,0,0,0,0
74,479253,478696,recent,0,responsiveness,0,0,0,0,1,1
75,38605,38602,recent,1,,0,1,0,0,0,0
76,20285,20285,recent,1,,0,0,0,0,0,1
77,346984,346441,recent,0,bathroom,1,1,0,0,0,0
78,254667,254187,base,0,responsiveness,1,1,0,0,1,0
79,40995,40992,base,1,,0,0,0,0,0,0
80,225019,224630,base,0,responsiveness,0,0,0,0,1,0
81,307609,307074,recent,0,cleanliness,0,1,0,0,0,1
82,274265,273736,base,1,,0,0,0,0,0,1
83,477066,476509,recent,1,,0,0,0,0,0,0
84,166146,166108,recent,0,cleanliness,0,1,0,0,0,1
85,449748,449196,base,1,,0,0,0,0,0,1
86,155774,155736,recent,0,pests,1,0,0,1,0,1
87,279895,279365,base,1,,0,0,0,0,0,0
88,137959,137921,base,1,,0,0,0,0,0,0
89,351957,351414,base,1,,0,0,0,0,0,0
90,366645,366100,base,1,,0,0,0,0,0,0
91,169587,169548,base,0,bathroom,1,1,0,0,0,1
92,286006,285474,base,1,,0,0,0,0,0,0
93,437129,436581,base,1,,0,0,0,0,0,0
94,118155,118118,recent,1,,0,0,0,0,0,0
95,45801,45798,recent,1,,0,0,0,0,0,0
96,457415,456862,base,1,,0,0,0,0,0,1
97,60433,60429,recent,1,,0,0,1,0,0,1
98,89205,89169,base,1,,0,0,0,0,0,0
99,451100,450548,recent,1,,0,1,0,0,0,0
100,261333,260804,base,1,,1,0,0,0,0,0
101,207255,206867,base,0,air_conditioning,0,0,1,0,0,0
102,202578,202190,base,1,,0,0,0,0,0,0
103,102560,102523,recent,1,,0,1,0,0,0,0
104,188711,188323,recent,0,cleanliness,0,1,0,0,0,1
105,443599,443050,base,1,,0,0,0,0,0,0
106,313406,312867,recent,1,,0,0,0,0,0,0
107,145874,145836,recent,1,,1,0,0,0,0,0
108,488570,488012,recent,0,cleanliness,0,1,0,0,0,1
109,76406,76370,recent,0,responsiveness,1,0,0,0,1,1
110,369399,368854,base,0,cleanliness,0,1,1,0,0,0
111,145866,145828,recent,0,bathroom,1,0,0,0,0,1
112,274984,274455,recent,1,,0,0,0,0,0,1
113,309701,309165,recent,1,,0,0,0,0,0,0
114,117853,117816,base,1,,0,0,0,0,0,0
115,249554,249074,recent,1,,0,1,0,0,0,1
116,186686,186298,recent,1,,0,0,0,0,0,0
117,161249,161211,base,1,,0,0,0,0,0,1
118,385208,384662,recent,1,,0,0,0,0,0,0
119,348873,348330,recent,1,,0,0,0,0,0,0
120,97738,97702,recent,1,,1,1,0,0,0,0
121,490115,489555,base,1,,0,0,0,0,0,0
122,264254,263725,base,1,,0,0,0,0,0,0
123,497826,497262,base,0,responsiveness,0,0,0,0,1,1
124,14320,14320,base,1,,0,0,0,0,0,0
125,463448,462895,recent,0,bathroom,1,0,0,0,0,0
126,18456,18456,recent,1,,0,0,0,0,0,0
127,305759,305225,recent,0,responsiveness,1,1,0,0,1,1
128,87200,87164,recent,0,responsiveness,0,0,0,0,1,0
129,37240,37237,base,1,,0,0,0,0,0,1
130,293935,293401,recent,1,,0,0,0,0,0,0
131,303307,302773,recent,1,,0,0,1,0,0,0
132,318323,317784,base,0,responsiveness,0,0,0,0,1,1
133,26691,26689,base,0,cleanliness,0,1,0,0,0,1
134,464437,463884,recent,0,responsiveness,0,0,0,0,1,0
135,238627,238236,base,1,,0,0,0,0,0,0
136,504469,503905,recent,1,,0,0,1,0,0,1
137,168927,168889,recent,0,responsiveness,0,1,0,0,1,0
138,863,863,base,1,,0,0,0,0,0,1
139,92752,92716,recent,1,,0,0,1,0,0,0
140,432800,432252,base,0,pests,0,0,0,1,0,1
141,302914,302380,recent,1,,0,0,0,0,0,0
142,315309,314770,base,1,,0,0,0,0,0,0
143,243270,242791,recent,1,,0,0,0,0,0,1
144,504329,503765,recent,1,,0,0,1,0,0,1
145,413761,413213,base,1,,0,0,0,0,0,0
146,500860,500296,base,1,,0,0,0,0,0,0
147,388452,387906,recent,1,,0,0,0,0,0,0
148,368040,367495,base,1,,0,0,0,0,0,0
149,385699,385153,recent,1,,0,0,1,0,0,0
150,10695,10695,base,1,,0,0,0,0,0,0
151,234193,233802,recent,0,cleanliness,0,1,0,0,0,0
152,382929,382384,recent,1,,0,0,0,0,0,0
153,478988,478431,recent,1,,0,0,0,0,0,0
154,408591,408043,recent,1,,1,0,0,0,0,0
155,384293,383747,recent,1,,0,0,0,0,0,1
156,155841,155803,recent,0,cleanliness,0,1,0,0,0,0
157,166029,165991,recent,1,,0,0,1,0,0,0
158,298063,297529,base,1,,0,0,0,0,0,0
159,391451,390905,base,1,,0,0,0,0,0,0
160,162524,162486,recent,1,,0,0,0,0,0,0
161,311977,311440,recent,1,,0,0,1,0,0,1
162,168559,168521,base,1,,0,0,0,0,0,0
163,121632,121594,recent,1,,0,0,0,0,0,0
164,124199,124161,base,0,bathroom,1,0,1,0,0,0
165,506025,505461,recent,1,,0,0,0,0,0,0
166,207433,207045,recent,1,,0,0,0,0,0,0
167,277286,276756,recent,1,,0,0,0,0,0,0
168,216329,215941,base,1,,0,1,0,0,0,0
169,183681,183294,base,1,,1,0,0,0,0,0
170,163669,163631,recent,0,responsiveness,0,0,0,0,1,1
171,85482,85446,recent,1,,0,0,0,0,0,0
172,277350,276820,base,0,air_conditioning,1,0,1,0,0,0
173,260586,260057,base,1,,0,0,0,0,0,0
174,343245,342702,base,1,,0,0,0,0,0,0
175,390899,390353,base,1,,1,0,0,0,0,0
176,378888,378343,recent,0,bathroom,1,0,0,0,0,1
177,407737,407189,recent,0,air_conditioning,1,0,1,0,0,1
178,444973,444423,recent,0,responsiveness,0,0,0,0,1,0
179,168670,168632,recent,1,,0,1,0,0,0,0
180,448181,447629,recent,1,,0,0,0,1,0,1
181,146752,146714,base,0,pests,0,0,0,1,0,1
182,45785,45782,recent,1,,0,0,0,0,0,0
183,207716,207328,base,1,,0,0,0,0,0,0
184,423187,422639,base,0,cleanliness,0,1,0,0,0,1
185,143143,143105,recent,1,,0,0,0,0,0,0
186,236187,235796,recent,1,,0,0,0,0,0,0
187,240681,240202,base,0,bathroom,1,0,0,0,0,1
188,367775,367230,recent,1,,0,1,0,0,0,0
189,66482,66477,recent,0,cleanliness,0,1,0,0,0,0
190,404550,404002,recent,1,,0,0,0,0,0,0
191,372102,371557,base,1,,0,0,0,0,0,0
192,165131,165093,base,0,air_conditioning,0,0,1,0,0,0
193,226076,225687,base,0,responsiveness,0,0,0,0,1,1
194,102607,102570,recent,0,responsiveness,0,0,0,0,1,1
195,354913,354369,recent,0,cleanliness,1,1,0,0,0,0
196,182327,181940,base,0,responsiveness,1,0,0,0,1,0
197,166367,166329,recent,1,,0,0,0,0,0,0
198,357561,357017,base,0,responsiveness,0,0,0,0,1,0
199,514826,514261,base,1,,0,0,0,0,0,0
200,352189,351646,recent,1,,0,0,0,0,0,0
201,419103,418555,base,1,,0,0,0,0,0,0
202,49165,49161,recent,1,,0,0,1,0,0,0
203,396040,395493,recent,0,pests,0,0,0,1,0,1
204,32960,32958,recent,1,,0,0,0,0,0,0
205,303626,303092,recent,1,,0,0,0,0,0,0
206,292271,291739,recent,0,responsiveness,0,0,0,0,1,0
207,305252,304718,base,1,,0,0,0,0,0,0
208,318709,318170,base,1,,0,0,0,0,0,0
209,456969,456416,base,1,,0,0,0,0,0,0
210,46364,46361,recent,1,,0,0,0,0,0,0
211,38492,38489,recent,1,,0,0,0,0,0,0
212,507434,506870,base,1,,0,0,0,0,0,0
213,352173,351630,recent,1,,0,0,0,0,0,0
214,329223,328683,recent,1,,0,0,0,0,0,0
215,505900,505336,recent,0,cleanliness,0,1,0,0,0,0
216,447575,447023,recent,0,bathroom,1,0,0,0,0,1
217,200885,200497,base,1,,0,0,0,0,0,0
218,479858,479301,base,0,cleanliness,1,1,0,0,0,1
219,45531,45528,base,1,,0,0,0,0,0,0
220,232708,232318,recent,0,cleanliness,0,1,0,1,0,0
221,9037,9037,base,0,cleanliness,0,1,0,0,0,0
222,421995,421447,base,0,responsiveness,0,0,1,0,1,0
223,475025,474469,recent,1,,0,0,1,0,0,0
224,510533,509968,base,0,pests,0,0,0,1,0,1
225,139723,139685,recent,0,bathroom,1,0,0,0,0,0
226,160281,160243,base,1,,0,0,0,0,0,0
227,428164,427616,base,1,,0,0,0,0,0,0
228,249305,248825,base,1,,0,0,0,0,0,0
229,350746,350203,base,1,,0,0,0,0,0,1
230,302370,301836,recent,1,,0,0,0,0,0,1
231,434535,433987,base,1,,1,0,0,0,0,0
232,167132,167094,base,1,,1,0,0,0,0,0
233,349045,348502,recent,1,,0,0,0,0,0,0
234,45749,45746,recent,0,responsiveness,1,0,0,0,1,0
235,417507,416959,base,1,,0,0,0,0,0,0
236,88870,88834,base,1,,1,0,0,0,0,0
237,71305,71269,recent,1,,0,0,0,0,0,1
238,368229,367684,recent,1,,1,1,0,0,0,1
239,166012,165974,recent,0,air_conditioning,0,0,1,0,0,0
240,20670,20670,base,1,,0,0,0,0,1,1
241,134483,134445,recent,0,air_conditioning,0,0,1,1,0,0
242,42728,42725,base,1,,0,0,0,0,0,0
243,29699,29697,recent,1,,0,0,0,0,0,0
244,375302,374757,base,0,cleanliness,0,1,0,0,0,0
245,355904,355360,recent,1,,0,0,0,0,0,1
246,5297,5297,recent,1,,0,0,0,0,1,0
247,201302,200914,base,0,responsiveness,0,0,0,0,1,1
248,460426,459873,recent,1,,0,0,0,0,0,0
249,416313,415765,base,0,bathroom,1,0,0,0,0,0
250,7771,7771,recent,0,cleanliness,0,1,0,0,0,0
251,411707,411159,recent,0,air_conditioning,0,0,1,0,0,0
252,267641,267112,recent,1,,0,0,0,0,0,0
253,499139,498575,base,0,air_conditioning,0,1,1,0,0,0
254,166352,166314,recent,1,,1,0,0,0,0,0
255,325179,324640,base,1,,0,0,0,0,0,1
256,2436,2436,base,1,,0,0,0,0,0,0
257,435096,434548,base,1,,0,0,0,0,0,0
258,72579,72543,base,0,bathroom,1,1,0,0,0,0
259,342119,341576,recent,1,,0,1,0,0,0,0
260,372268,371723,base,1,,0,0,0,0,0,0
261,289703,289171,base,0,responsiveness,0,0,0,0,1,0
262,141360,141322,base,1,,0,0,0,0,0,0
263,284965,284434,recent,0,bathroom,1,0,0,0,0,0
264,67469,67464,base,0,air_conditioning,1,0,1,0,0,1
265,349644,349101,recent,1,,1,0,1,0,0,0
266,141503,141465,base,0,responsiveness,0,0,0,0,1,1
267,57000,56996,base,0,pests,0,0,0,1,0,0
268,313368,312829,recent,0,responsiveness,0,0,0,0,1,1
269,479202,478645,base,0,cleanliness,1,1,0,0,0,0
270,262589,262060,recent,1,,0,0,0,0,0,0
271,207413,207025,recent,1,,0,0,0,0,0,0
272,67719,67714,base,1,,0,0,0,0,0,0
273,11948,11948,recent,1,,0,0,0,0,0,1
274,375123,374578,recent,1,,0,0,0,0,0,0
275,106770,106733,base,0,air_conditioning,1,0,1,0,0,0
276,509029,508465,recent,1,,0,1,0,0,1,0
277,137572,137534,recent,1,,0,0,0,0,1,0
278,25230,25228,base,1,,0,0,0,0,0,0
279,269486,268957,base,0,cleanliness,0,1,0,0,0,1
280,361332,360787,recent,0,responsiveness,0,0,0,0,1,0
281,307098,306563,recent,1,,0,0,0,0,0,0
282,161434,161396,recent,0,cleanliness,1,1,0,0,0,1
283,288512,287980,base,1,,0,0,0,0,0,0
284,514052,513487,recent,0,air_conditioning,0,0,1,0,0,0
285,37109,37106,recent,1,,0,0,0,0,0,0
286,112009,111972,recent,1,,0,0,0,0,0,0
287,315097,314558,base,0,responsiveness,0,0,0,0,1,0
288,13810,13810,base,0,cleanliness,0,1,0,0,0,0
289,271769,271240,base,1,,0,0,0,0,0,0
290,64482,64477,recent,0,pests,0,0,0,1,0,0
291,444741,444192,base,0,air_conditioning,1,1,1,0,0,0
292,298908,298374,recent,1,,0,0,0,0,0,1
293,258117,257637,recent,0,air_conditioning,1,0,1,0,0,0
294,203492,203104,recent,1,,0,0,0,0,0,0
295,265342,264813,recent,1,,0,0,0,0,0,0
296,423183,422635,base,0,pests,0,0,0,1,0,1
297,194243,193855,base,1,,0,0,1,0,0,1
298,472899,472343,recent,1,,0,0,0,0,0,0
299,133872,133834,base,1,,0,0,0,0,0,0
300,453450,452898,base,0,bathroom,1,0,1,0,0,1
