item,annotator,bathroom,cleanliness,air_conditioning,pests,responsiveness
1,final,0,0,0,0,1
2,final,0,0,0,0,0
3,final,0,0,0,0,1
4,final,0,0,0,0,0
5,final,0,0,0,0,0
6,final,0,1,0,0,0
7,final,0,0,0,0,0
8,final,0,0,0,0,0
9,final,0,0,0,0,0
10,final,0,0,0,0,0
11,final,0,0,0,0,1
12,final,0,0,0,0,0
13,final,0,0,1,0,0
14,final,0,0,1,0,0
15,final,0,0,0,0,0
16,final,0,0,0,0,0
17,final,0,0,1,0,0
18,final,0,0,0,0,0
19,final,0,1,0,0,0
20,final,0,0,0,0,0
21,final,0,0,0,0,0
22,final,0,0,0,0,0
23,final,0,0,1,0,0
24,final,0,0,0,0,0
25,final,0,0,0,0,0
26,final,0,0,0,0,0
27,final,0,0,0,1,0
28,final,0,0,1,0,0
29,final,0,0,0,0,0
30,final,0,1,0,0,0
31,final,0,1,0,0,0
32,final,0,0,1,0,0
33,final,0,0,0,0,0
34,final,0,0,0,0,0
35,final,0,0,0,0,0
36,final,0,0,0,0,0
37,final,0,0,0,0,0
38,final,0,0,0,0,0
39,final,0,0,0,0,0
40,final,1,0,0,0,0
41,final,0,0,0,0,0
42,final,1,0,0,0,0
43,final,1,0,0,0,0
44,final,0,0,0,0,0
45,final,0,0,1,0,0
46,final,0,0,0,0,0
47,final,0,0,0,0,0
48,final,0,0,0,0,0
49,final,0,0,0,1,0
50,final,1,0,0,0,0
51,final,0,0,0,0,0
52,final,0,0,0,0,0
53,final,0,0,0,0,1
54,final,0,0,0,0,0
55,final,0,0,0,0,0
56,final,0,0,0,0,0
57,final,1,0,0,0,0
58,final,0,0,1,0,0
59,final,0,0,0,0,0
60,final,0,0,0,0,0
61,final,0,0,0,0,0
62,final,0,0,0,0,0
63,final,0,0,0,0,0
64,final,0,0,0,0,0
65,final,0,0,0,1,0
66,final,0,0,0,0,1
67,final,0,0,0,0,0
68,final,0,0,0,0,0
69,final,0,0,0,0,0
70,final,0,0,0,0,0
71,final,0,1,0,1,0
72,final,0,1,0,0,0
73,final,0,0,0,0,0
74,final,0,0,0,0,1
75,final,0,1,0,0,0
76,final,0,0,0,0,0
77,final,1,0,0,0,0
78,final,0,1,1,0,0
79,final,0,0,0,0,1
80,final,0,0,0,0,0
81,final,0,1,0,0,0
82,final,0,0,0,0,0
83,final,0,0,0,0,0
84,final,0,0,0,0,0
85,final,0,0,0,0,0
86,final,1,1,0,1,1
87,final,0,0,0,0,0
88,final,0,0,0,0,0
89,final,0,0,0,0,0
90,final,0,0,0,0,0
91,final,1,1,0,0,0
92,final,0,0,0,0,0
93,final,0,0,0,0,0
94,final,0,0,0,0,0
95,final,0,1,0,0,0
96,final,0,0,0,0,0
97,final,0,0,1,0,0
98,final,0,0,0,0,0
99,final,0,0,0,0,0
100,final,1,0,0,0,1
101,final,0,0,1,0,0
102,final,0,0,0,0,0
103,final,0,1,1,0,0
104,final,0,0,0,0,0
105,final,0,0,0,0,0
106,final,0,0,0,0,0
107,final,1,0,0,0,0
108,final,0,1,0,0,0
109,final,0,0,0,0,1
110,final,0,1,1,0,0
111,final,1,0,0,0,1
112,final,0,0,0,0,0
113,final,0,0,0,0,0
114,final,0,0,0,0,0
115,final,0,0,0,0,0
116,final,0,0,0,0,0
117,final,0,0,0,0,0
118,final,0,0,0,0,0
119,final,0,0,0,0,0
120,final,0,0,0,0,0
121,final,0,0,0,0,0
122,final,1,0,0,0,0
123,final,0,0,0,0,0
124,final,0,0,0,0,0
125,final,1,0,0,0,0
126,final,0,0,0,0,0
127,final,0,1,0,0,1
128,final,0,0,0,0,1
129,final,0,0,0,0,0
130,final,0,0,0,0,1
131,final,0,0,1,0,0
132,final,0,0,0,0,0
133,final,0,1,0,0,0
134,final,0,0,0,0,1
135,final,0,0,0,0,0
136,final,0,0,1,0,0
137,final,0,1,0,0,0
138,final,0,0,0,0,0
139,final,0,0,1,0,0
140,final,0,0,0,1,0
141,final,0,0,0,0,0
142,final,0,0,0,0,0
143,final,0,0,0,0,0
144,final,0,0,1,0,0
145,final,0,0,0,0,0
146,final,0,0,0,0,0
147,final,0,0,0,0,0
148,final,0,0,0,0,0
149,final,0,0,1,0,0
150,final,0,0,0,0,0
151,final,0,0,0,0,0
152,final,0,0,0,0,0
153,final,0,0,0,0,0
154,final,1,0,0,0,0
155,final,0,0,0,0,0
156,final,0,1,0,0,0
157,final,0,0,1,0,0
158,final,0,0,0,0,0
159,final,0,0,0,0,0
160,final,0,0,0,0,0
161,final,0,0,1,0,0
162,final,0,0,0,0,1
163,final,0,0,0,0,0
164,final,0,0,1,0,0
165,final,0,0,0,0,0
166,final,0,0,0,0,0
167,final,0,0,0,0,0
168,final,0,0,0,0,0
169,final,1,0,0,0,0
170,final,0,0,0,0,1
171,final,0,0,0,0,0
172,final,1,0,1,0,0
173,final,0,0,0,0,0
174,final,0,0,0,0,0
175,final,1,0,0,0,0
176,final,1,0,0,0,0
177,final,1,0,1,0,0
178,final,0,0,0,0,0
179,final,0,1,0,0,1
180,final,0,0,0,1,0
181,final,0,0,0,1,0
182,final,0,0,0,0,0
183,final,0,0,0,0,0
184,final,0,1,0,0,0
185,final,0,0,0,0,0
186,final,0,0,0,0,0
187,final,0,0,0,0,0
188,final,0,1,0,0,0
189,final,0,0,0,0,0
190,final,0,0,0,0,0
191,final,0,0,0,0,0
192,final,0,0,unsure,0,0
193,final,0,0,0,0,1
194,final,0,0,0,0,0
195,final,1,0,0,0,0
196,final,1,0,0,0,0
197,final,0,0,0,0,0
198,final,0,0,0,0,0
199,final,0,0,0,0,0
200,final,0,0,0,0,0
201,final,0,0,0,0,0
202,final,0,0,1,0,0
203,final,0,0,0,1,0
204,final,0,0,0,0,0
205,final,0,0,0,0,0
206,final,0,0,0,0,0
207,final,0,0,0,0,0
208,final,0,0,0,0,0
209,final,0,0,0,0,0
210,final,0,0,0,0,0
211,final,0,0,0,0,0
212,final,0,1,0,0,0
213,final,0,0,0,0,0
214,final,0,0,0,0,0
215,final,0,1,0,0,0
216,final,1,0,0,0,0
217,final,0,0,0,0,0
218,final,1,0,0,0,0
219,final,0,0,0,0,0
220,final,0,1,0,1,0
221,final,0,0,0,0,0
222,final,0,0,1,0,0
223,final,0,0,1,0,0
224,final,0,0,0,1,0
225,final,1,0,0,0,0
226,final,0,0,0,0,0
227,final,0,0,0,0,0
228,final,0,0,0,0,0
229,final,0,0,0,0,0
230,final,0,0,0,0,0
231,final,1,0,0,0,0
232,final,1,0,0,0,0
233,final,0,0,0,0,1
234,final,1,0,0,0,1
235,final,0,0,0,0,0
236,final,1,0,0,0,0
237,final,0,0,0,0,0
238,final,0,1,0,0,1
239,final,0,0,1,0,0
240,final,0,0,0,0,0
241,final,0,0,1,0,0
242,final,0,0,0,0,0
243,final,0,0,1,0,0
244,final,0,0,0,0,0
245,final,0,0,0,0,0
246,final,0,0,0,0,1
247,final,0,0,0,0,1
248,final,0,0,0,0,0
249,final,1,0,0,0,0
250,final,0,0,0,0,0
251,final,0,0,1,0,0
252,final,0,0,0,0,0
253,final,0,0,0,0,0
254,final,1,0,0,0,0
255,final,0,0,0,0,1
256,final,0,0,0,0,0
257,final,0,0,0,0,0
258,final,1,1,0,0,0
259,final,0,1,0,0,0
260,final,0,0,0,0,0
261,final,0,0,0,0,1
262,final,0,0,0,0,0
263,final,0,0,0,0,1
264,final,1,0,1,0,0
265,final,1,0,1,0,1
266,final,0,0,0,0,0
267,final,0,0,0,1,0
268,final,0,0,0,0,1
269,final,1,0,0,0,0
270,final,0,0,0,0,0
271,final,0,0,0,0,0
272,final,0,0,0,0,1
273,final,0,0,0,0,1
274,final,0,0,0,0,0
275,final,1,0,1,0,0
276,final,0,1,0,0,0
277,final,0,0,0,0,0
278,final,0,0,0,0,0
279,final,0,1,0,0,0
280,final,0,0,0,0,0
281,final,0,unsure,0,0,0
282,final,1,1,0,0,0
283,final,0,0,0,0,0
284,final,0,0,1,0,0
285,final,0,0,0,0,0
286,final,0,0,0,0,0
287,final,0,0,0,0,1
288,final,0,0,0,0,0
289,final,0,0,0,0,1
290,final,0,0,0,1,0
291,final,0,1,1,0,0
292,final,0,0,0,0,0
293,final,1,0,0,0,0
294,final,0,0,0,0,0
295,final,0,0,0,0,0
296,final,0,0,0,1,0
297,final,0,0,1,0,0
298,final,0,0,0,0,0
299,final,0,0,0,0,0
300,final,1,0,0,0,0
