month,topic,reviews,complaining_reviews,rate,rate_3m
2015-09,cleanliness.general,19689,1022,0.051907156280156436,0.051907156280156436
2015-10,cleanliness.general,19449,1026,0.052753354928273946,0.05233025560421519
2015-11,cleanliness.general,18039,881,0.048838627418371305,0.051166379542267236
2015-12,cleanliness.general,17914,825,0.04605336608239366,0.04921511614301297
2016-01,cleanliness.general,19494,1029,0.05278547245306248,0.04922582198460915
2016-02,cleanliness.general,18835,889,0.047199362888239976,0.04867940047456537
2016-03,cleanliness.general,20722,940,0.04536241675513947,0.04844908403214731
2016-04,cleanliness.general,21470,1107,0.051560316721006055,0.0480406987881285
2016-05,cleanliness.general,23053,1124,0.0487572116427363,0.04855998170629394
2016-06,cleanliness.general,20919,1070,0.05114967254648884,0.050489066970077066
2016-07,cleanliness.general,25861,1415,0.054715594911256334,0.051540826366827164
2016-08,cleanliness.general,27249,1618,0.05937832581012147,0.05508119775595555
2016-09,cleanliness.general,22648,1353,0.05974037442599788,0.057944765049125234
2016-10,cleanliness.general,24323,1390,0.05714755581137195,0.0587554186824971
2016-11,cleanliness.general,17900,1019,0.05692737430167598,0.057938434846348606
2016-12,cleanliness.general,21657,1203,0.05554785981437872,0.05654092997580889
2017-01,cleanliness.general,22623,1354,0.059850594527693056,0.05744194288124926
2017-02,cleanliness.general,19498,1057,0.054210688275720585,0.05653638087259746
2017-03,cleanliness.general,20351,1087,0.05341260871701636,0.055824630506810004
2017-04,cleanliness.general,21381,1283,0.060006547869603855,0.055876614954113606
2017-05,cleanliness.general,23401,1443,0.061664031451647366,0.05836106267942253
2017-06,cleanliness.general,21935,1221,0.05566446318668794,0.05911168083597972
2017-07,cleanliness.general,23402,1516,0.06478078796684045,0.060703094201725254
2015-09,cleanliness.linen,19689,367,0.018639849662247954,0.018639849662247954
2015-10,cleanliness.linen,19449,315,0.016196205460434984,0.01741802756134147
2015-11,cleanliness.linen,18039,273,0.015133876600698487,0.016656643907793808
2015-12,cleanliness.linen,17914,279,0.015574411075136765,0.015634831045423413
2016-01,cleanliness.linen,19494,313,0.016056222427413565,0.015588170034416272
2016-02,cleanliness.linen,18835,309,0.016405627820546855,0.016012087107699063
2016-03,cleanliness.linen,20722,366,0.017662387800405365,0.01670807934945526
2016-04,cleanliness.linen,21470,371,0.01727992547741034,0.017115980366120855
2016-05,cleanliness.linen,23053,358,0.015529432178024553,0.016823915151946752
2016-06,cleanliness.linen,20919,366,0.017496056216836368,0.01676847129075709
2016-07,cleanliness.linen,25861,478,0.018483430648466803,0.017169639681109242
2016-08,cleanliness.linen,27249,508,0.018642885977467064,0.018207457614256743
2016-09,cleanliness.linen,22648,418,0.018456375838926176,0.01852756415495335
2016-10,cleanliness.linen,24323,453,0.018624347325576614,0.018574536380656616
2016-11,cleanliness.linen,17900,322,0.01798882681564246,0.01835651666004842
2016-12,cleanliness.linen,21657,440,0.020316756706838437,0.01897664361601917
2017-01,cleanliness.linen,22623,463,0.020465897537903902,0.01959049368679493
2017-02,cleanliness.linen,19498,372,0.01907887988511642,0.019953844709952918
2017-03,cleanliness.linen,20351,350,0.01719817207999607,0.018914316501005463
2017-04,cleanliness.linen,21381,401,0.018754969365324354,0.018344007110145614
2017-05,cleanliness.linen,23401,447,0.019101747788556046,0.01835162974462549
2017-06,cleanliness.linen,21935,384,0.017506268520629132,0.018454328558169846
2017-07,cleanliness.linen,23402,513,0.0219212033159559,0.019509739875047026
2015-09,cleanliness.odour,19689,408,0.020722230687185737,0.020722230687185737
2015-10,cleanliness.odour,19449,390,0.020052444855776647,0.02038733777148119
2015-11,cleanliness.odour,18039,360,0.019956760352569432,0.020243811965177272
2015-12,cleanliness.odour,17914,299,0.016690856313497822,0.0189000205072813
2016-01,cleanliness.odour,19494,334,0.01713347696727198,0.017927031211113078
2016-02,cleanliness.odour,18835,317,0.016830368993894347,0.016884900758221383
2016-03,cleanliness.odour,20722,325,0.015683814303638646,0.016549220088268323
2016-04,cleanliness.odour,21470,363,0.016907312529110388,0.01647383194221446
2016-05,cleanliness.odour,23053,414,0.017958617099726716,0.016849914644158585
2016-06,cleanliness.odour,20919,365,0.01744825278454993,0.017438060804462346
2016-07,cleanliness.odour,25861,494,0.019102122887746025,0.01816966425734089
2016-08,cleanliness.odour,27249,547,0.020074131160776543,0.018874835611024165
2016-09,cleanliness.odour,22648,451,0.019913458141999293,0.019696570730173956
2016-10,cleanliness.odour,24323,519,0.021337828392879166,0.020441805898551667
2016-11,cleanliness.odour,17900,359,0.020055865921787708,0.02043571748555539
2016-12,cleanliness.odour,21657,380,0.017546289883178648,0.01964666139928184
2017-01,cleanliness.odour,22623,430,0.0190072050568006,0.01886978695392232
2017-02,cleanliness.odour,19498,383,0.019643040311826853,0.0187321784172687
2017-03,cleanliness.odour,20351,387,0.019016264557024223,0.019222169975217227
2017-04,cleanliness.odour,21381,397,0.018567887376642812,0.01907573074849796
2017-05,cleanliness.odour,23401,473,0.020212811418315456,0.01926565445066083
2017-06,cleanliness.odour,21935,429,0.01955778436289036,0.01944616105261621
2017-07,cleanliness.odour,23402,476,0.02034014186821639,0.0200369125498074
2015-09,cleanliness.pests,19689,57,0.0028950175224744783,0.0028950175224744783
2015-10,cleanliness.pests,19449,51,0.0026222427888323305,0.0027586301556534044
2015-11,cleanliness.pests,18039,43,0.0023837241532235712,0.002633661488176793
2015-12,cleanliness.pests,17914,33,0.0018421346432957464,0.0022827005284505493
2016-01,cleanliness.pests,19494,28,0.0014363393864778907,0.0018873993943324026
2016-02,cleanliness.pests,18835,36,0.0019113352800637113,0.0017299364366124496
2016-03,cleanliness.pests,20722,27,0.0013029630344561336,0.0015502125669992451
2016-04,cleanliness.pests,21470,47,0.0021891010712622263,0.0018011331285940236
2016-05,cleanliness.pests,23053,49,0.002125536806489394,0.0018725336374025847
2016-06,cleanliness.pests,20919,54,0.002581385343467661,0.0022986744070730937
2016-07,cleanliness.pests,25861,78,0.003016124666486215,0.002574348938814423
2016-08,cleanliness.pests,27249,116,0.004257036955484605,0.003284848988479494
2016-09,cleanliness.pests,22648,85,0.0037530907806428825,0.003675417467537901
2016-10,cleanliness.pests,24323,77,0.0031657279118529787,0.0037252852159934888
2016-11,cleanliness.pests,17900,42,0.0023463687150837987,0.0030883958025265533
2016-12,cleanliness.pests,21657,32,0.0014775823059518863,0.0023298929776295546
2017-01,cleanliness.pests,22623,46,0.0020333289130530876,0.0019524266446962575
2017-02,cleanliness.pests,19498,44,0.0022566417068417273,0.0019225176419489004
2017-03,cleanliness.pests,20351,47,0.0023094688221709007,0.002199813147355239
2017-04,cleanliness.pests,21381,53,0.002478836350030401,0.0023483156263476765
2017-05,cleanliness.pests,23401,80,0.0034186573223366525,0.0027356541648459846
2017-06,cleanliness.pests,21935,88,0.004011853202644176,0.0033031156250037433
2017-07,cleanliness.pests,23402,111,0.004743184343218528,0.004057898289399785
2015-09,facilities.access,19689,880,0.04469500736451826,0.04469500736451826
2015-10,facilities.access,19449,930,0.04781736850223662,0.046256187933377435
2015-11,facilities.access,18039,769,0.04262985753090526,0.045047411132553374
2015-12,facilities.access,17914,717,0.04002456179524394,0.04349059594279527
2016-01,facilities.access,19494,729,0.037396121883656507,0.04001684706993524
2016-02,facilities.access,18835,719,0.038173612954605786,0.03853143221116875
2016-03,facilities.access,20722,851,0.04106746453045073,0.038879066456237676
2016-04,facilities.access,21470,923,0.042990218910107125,0.040743765465054545
2016-05,facilities.access,23053,994,0.04311803236021342,0.04239190526692376
2016-06,facilities.access,20919,952,0.04550886753668913,0.043872372935669895
2016-07,facilities.access,25861,1300,0.05026874444143691,0.046298548112779815
2016-08,facilities.access,27249,1302,0.04778156996587031,0.04785306064799879
2016-09,facilities.access,22648,1122,0.049540798304486044,0.049197037570597756
2016-10,facilities.access,24323,1174,0.04826707231838178,0.04852981352957938
2016-11,facilities.access,17900,804,0.044916201117318436,0.047574690580062085
2016-12,facilities.access,21657,987,0.04557417924920349,0.04625248422830123
2017-01,facilities.access,22623,973,0.04300932679131857,0.04449990238594683
2017-02,facilities.access,19498,727,0.037285875474407634,0.04195646050497656
2017-03,facilities.access,20351,926,0.04550144956021817,0.04193221727531479
2017-04,facilities.access,21381,966,0.04518030026659183,0.04265587510040588
2017-05,facilities.access,23401,1150,0.04914319900858938,0.046608316278466455
2017-06,facilities.access,21935,1121,0.051105539092774106,0.048476346122651774
2017-07,facilities.access,23402,1263,0.05396974617554055,0.05140616142563468
2015-09,facilities.common,19689,913,0.04637107014068769,0.04637107014068769
2015-10,facilities.common,19449,936,0.04812586765386395,0.047248468897275825
2015-11,facilities.common,18039,814,0.04512445257497644,0.04654046345650936
2015-12,facilities.common,17914,802,0.044769454058278445,0.046006591429039616
2016-01,facilities.common,19494,878,0.04503949933312814,0.04497780198879434
2016-02,facilities.common,18835,836,0.044385452614812845,0.04473146866873981
2016-03,facilities.common,20722,941,0.04541067464530451,0.044945208864415165
2016-04,facilities.common,21470,977,0.04550535631113181,0.04510049452374972
2016-05,facilities.common,23053,1144,0.04962477768620136,0.04684693621421256
2016-06,facilities.common,20919,1037,0.04957215928103638,0.04823409775945652
2016-07,facilities.common,25861,1228,0.047484629364680404,0.04889385544397271
2016-08,facilities.common,27249,1315,0.04825865169364013,0.04843848011311897
2016-09,facilities.common,22648,1072,0.047333097845284354,0.04769212630120163
2016-10,facilities.common,24323,1241,0.05102166673518892,0.0488711387580378
2016-11,facilities.common,17900,818,0.045698324022346366,0.048017696200939874
2016-12,facilities.common,21657,1087,0.05019162395530313,0.048970538237612805
2017-01,facilities.common,22623,1020,0.045086858506829336,0.04699226882815961
2017-02,facilities.common,19498,832,0.0426710431839163,0.045983175215349587
2017-03,facilities.common,20351,907,0.04456783450444696,0.04410857873173086
2017-04,facilities.common,21381,1052,0.04920256302324494,0.045480480237202726
2017-05,facilities.common,23401,1208,0.05162172556728345,0.048464041031658446
2017-06,facilities.common,21935,1056,0.048142238431730114,0.049655509007419496
2017-07,facilities.common,23402,1181,0.05046577215622596,0.05007657871841317
2015-09,facilities.family,19689,44,0.002234750368225913,0.002234750368225913
2015-10,facilities.family,19449,25,0.0012854131317805544,0.0017600817500032337
2015-11,facilities.family,18039,23,0.0012750152447474916,0.0015983929149179863
2015-12,facilities.family,17914,36,0.002009601429049905,0.0015233432685259837
2016-01,facilities.family,19494,25,0.001282445880783831,0.0015223541848604092
2016-02,facilities.family,18835,26,0.001380408813379347,0.001557485374404361
2016-03,facilities.family,20722,36,0.0017372840459415114,0.0014667129133682296
2016-04,facilities.family,21470,39,0.001816488122962273,0.0016447269940943771
2016-05,facilities.family,23053,46,0.0019954018999696352,0.0018497246896244733
2016-06,facilities.family,20919,35,0.0016731201300253357,0.0018283367176524148
2016-07,facilities.family,25861,60,0.002320095897297088,0.0019962059757640195
2016-08,facilities.family,27249,75,0.00275239458328746,0.0022485368702032946
2016-09,facilities.family,22648,47,0.0020752384316495938,0.002382576304078047
2016-10,facilities.family,24323,29,0.00119228713563294,0.002006640050189998
2016-11,facilities.family,17900,28,0.0015642458100558658,0.0016105904591128
2016-12,facilities.family,21657,50,0.002308722353049822,0.001688418432912876
2017-01,facilities.family,22623,42,0.0018565177032223842,0.0019098286221093574
2017-02,facilities.family,19498,26,0.0013334700994973843,0.0018329033852565301
2017-03,facilities.family,20351,25,0.001228440862856862,0.0014728095551922102
2017-04,facilities.family,21381,47,0.002198213367008091,0.0015867081097874457
2017-05,facilities.family,23401,41,0.0017520618776975343,0.0017262387025208292
2017-06,facilities.family,21935,25,0.0011397310234784591,0.0016966687560613614
2017-07,facilities.family,23402,72,0.0030766601145201266,0.0019894843385653734
2015-09,facilities.kitchen,19689,89,0.00452029051754787,0.00452029051754787
2015-10,facilities.kitchen,19449,106,0.00545015167874955,0.004985221098148709
2015-11,facilities.kitchen,18039,78,0.00432396474305671,0.004764802313118043
2015-12,facilities.kitchen,17914,83,0.004633247739198393,0.004802454720334884
2016-01,facilities.kitchen,19494,92,0.004719400841284498,0.004558871107846534
2016-02,facilities.kitchen,18835,83,0.004406689673480223,0.004586446084654371
2016-03,facilities.kitchen,20722,101,0.0048740469066692405,0.004666712473811321
2016-04,facilities.kitchen,21470,112,0.005216581276199348,0.004832439285449603
2016-05,facilities.kitchen,23053,105,0.0045547217281915586,0.004881783303686715
2016-06,facilities.kitchen,20919,129,0.006166642764950523,0.005312648589780477
2016-07,facilities.kitchen,25861,139,0.005374888828738255,0.005365417773960112
2016-08,facilities.kitchen,27249,148,0.005431391977687255,0.005657641190458677
2016-09,facilities.kitchen,22648,117,0.005166019074531967,0.005324099960319159
2016-10,facilities.kitchen,24323,162,0.00666036261974263,0.005752591223987284
2016-11,facilities.kitchen,17900,103,0.005754189944134078,0.005860190546136225
2016-12,facilities.kitchen,21657,116,0.0053562358590755876,0.005923596140984098
2017-01,facilities.kitchen,22623,126,0.005569553109667153,0.005559992970958939
2017-02,facilities.kitchen,19498,100,0.005128731151913017,0.005351506706885253
2017-03,facilities.kitchen,20351,105,0.00515945162399882,0.005285911961859663
2017-04,facilities.kitchen,21381,119,0.005565689163275806,0.005284623979729214
2017-05,facilities.kitchen,23401,144,0.006153583180205974,0.005626241322493533
2017-06,facilities.kitchen,21935,126,0.005744244358331434,0.0058211722339377376
2017-07,facilities.kitchen,23402,141,0.006025126057601914,0.005974317865379775
2015-09,facilities.leisure,19689,424,0.021534867184722434,0.021534867184722434
2015-10,facilities.leisure,19449,356,0.018304282996555093,0.019919575090638762
2015-11,facilities.leisure,18039,361,0.020012195797993237,0.019950448659756922
2015-12,facilities.leisure,17914,283,0.015797700122808976,0.018038059639119104
2016-01,facilities.leisure,19494,427,0.021904175643787833,0.01923802385486335
2016-02,facilities.leisure,18835,483,0.025643748340854793,0.021115208035817203
2016-03,facilities.leisure,20722,488,0.023549850400540487,0.02369925812839437
2016-04,facilities.leisure,21470,544,0.025337680484396833,0.024843759741930704
2016-05,facilities.leisure,23053,540,0.023424283173556586,0.024103938019497968
2016-06,facilities.leisure,20919,573,0.02739136670012907,0.025384443452694163
2016-07,facilities.leisure,25861,751,0.029039866981168554,0.026618505618284733
2016-08,facilities.leisure,27249,991,0.03636830709383831,0.030933180258378642
2016-09,facilities.leisure,22648,591,0.02609501942776404,0.030501064500923634
2016-10,facilities.leisure,24323,523,0.021502281790897505,0.027988536104166618
2016-11,facilities.leisure,17900,362,0.020223463687150837,0.022606921635270793
2016-12,facilities.leisure,21657,354,0.01634575425959274,0.019357166579213696
2017-01,facilities.leisure,22623,518,0.022897051673076072,0.019822089873273215
2017-02,facilities.leisure,19498,506,0.025951379628679865,0.021731395187116226
2017-03,facilities.leisure,20351,507,0.024912780698737164,0.024587070666831034
2017-04,facilities.leisure,21381,560,0.026191478415415557,0.025685212914277528
2017-05,facilities.leisure,23401,534,0.022819537626597153,0.024641265580249958
2017-06,facilities.leisure,21935,608,0.027718258490996125,0.02557642484433628
2017-07,facilities.leisure,23402,725,0.030980258097598495,0.02717268473839726
2015-09,facilities.parking,19689,312,0.015846411701965563,0.015846411701965563
2015-10,facilities.parking,19449,272,0.01398529487377243,0.014915853287868996
2015-11,facilities.parking,18039,253,0.014025167692222408,0.014618958089320134
2015-12,facilities.parking,17914,312,0.01741654571843251,0.015142336094809116
2016-01,facilities.parking,19494,345,0.017697753154816868,0.016379822188490597
2016-02,facilities.parking,18835,326,0.017308202813910274,0.017474167229053216
2016-03,facilities.parking,20722,351,0.016938519447929738,0.017314825138885628
2016-04,facilities.parking,21470,327,0.015230554261760596,0.016492425507866868
2016-05,facilities.parking,23053,372,0.016136728408450093,0.01610193403938014
2016-06,facilities.parking,20919,378,0.018069697404273628,0.01647899335816144
2016-07,facilities.parking,25861,413,0.01596999342639496,0.01672547307970623
2016-08,facilities.parking,27249,589,0.02161547212741752,0.0185517209860287
2016-09,facilities.parking,22648,374,0.016513599434828684,0.01803302166288039
2016-10,facilities.parking,24323,361,0.014841919171154874,0.017656996911133694
2016-11,facilities.parking,17900,262,0.014636871508379888,0.015330796704787814
2016-12,facilities.parking,21657,376,0.017361592094934663,0.015613460924823143
2017-01,facilities.parking,22623,323,0.014277505193829289,0.01542532293238128
2017-02,facilities.parking,19498,292,0.01497589496358601,0.01553833075078332
2017-03,facilities.parking,20351,312,0.01533094196845364,0.014861447375289646
2017-04,facilities.parking,21381,382,0.01786632991908704,0.016057722283708897
2017-05,facilities.parking,23401,413,0.01764881842656297,0.016948696771367882
2017-06,facilities.parking,21935,442,0.020150444495099156,0.018555197613583055
2017-07,facilities.parking,23402,466,0.01991282796342193,0.019237363628361353
2015-09,facilities.wifi,19689,947,0.04809792269795317,0.04809792269795317
2015-10,facilities.wifi,19449,616,0.03167257956707286,0.03988525113251301
2015-11,facilities.wifi,18039,509,0.028216641720716227,0.035995714661914084
2015-12,facilities.wifi,17914,505,0.028190242268616723,0.029359821185468604
2016-01,facilities.wifi,19494,499,0.025597619780445266,0.027334834589926072
2016-02,facilities.wifi,18835,478,0.02537828510751261,0.026388715718858202
2016-03,facilities.wifi,20722,528,0.025480166007142167,0.025485356965033346
2016-04,facilities.wifi,21470,561,0.026129482999534232,0.025662644704729672
2016-05,facilities.wifi,23053,594,0.025766711490912246,0.02579212016586288
2016-06,facilities.wifi,20919,605,0.02892107653329509,0.026939090341247186
2016-07,facilities.wifi,25861,734,0.02838250647693438,0.027690098167047237
2016-08,facilities.wifi,27249,811,0.0297625600939484,0.029022047701392623
2016-09,facilities.wifi,22648,619,0.02733133168491699,0.02849213275193326
2016-10,facilities.wifi,24323,722,0.029683838342309747,0.028925910040391713
2016-11,facilities.wifi,17900,523,0.029217877094972068,0.028744349040732937
2016-12,facilities.wifi,21657,603,0.027843191577780858,0.02891496900502089
2017-01,facilities.wifi,22623,640,0.028289793572912524,0.028450287415221816
2017-02,facilities.wifi,19498,565,0.028977331008308543,0.028370105386333975
2017-03,facilities.wifi,20351,576,0.028303277480222103,0.02852346735381439
2017-04,facilities.wifi,21381,545,0.02548992095785978,0.027590176482130146
2017-05,facilities.wifi,23401,519,0.022178539378659032,0.0253239126055803
2017-06,facilities.wifi,21935,532,0.02425347617962161,0.023973978838713477
2017-07,facilities.wifi,23402,511,0.021835740534997008,0.022755918697759215
2015-09,food.breakfast,19689,1821,0.09248819137589517,0.09248819137589517
2015-10,food.breakfast,19449,1737,0.0893105043961129,0.09089934788600404
2015-11,food.breakfast,18039,1598,0.08858584178723876,0.09012817918641562
2015-12,food.breakfast,17914,1595,0.0890365077592944,0.08897761798088204
2016-01,food.breakfast,19494,1709,0.08766800041038268,0.08843011665230528
2016-02,food.breakfast,18835,1948,0.10342447571011415,0.09337632795993041
2016-03,food.breakfast,20722,2108,0.1017276324679085,0.09760670286280178
2016-04,food.breakfast,21470,2246,0.10461108523521193,0.10325439780441152
2016-05,food.breakfast,23053,2426,0.10523576107231163,0.10385815959181068
2016-06,food.breakfast,20919,2154,0.10296859314498781,0.10427181315083711
2016-07,food.breakfast,25861,2515,0.09725068636170295,0.10181834685966747
2016-08,food.breakfast,27249,2669,0.09794854857058975,0.09938927602576016
2016-09,food.breakfast,22648,2280,0.10067114093959731,0.09862345862396334
2016-10,food.breakfast,24323,2485,0.10216667351889158,0.10026212100969288
2016-11,food.breakfast,17900,1919,0.10720670391061453,0.10334817278970114
2016-12,food.breakfast,21657,2268,0.10472364593433994,0.10469900778794868
2017-01,food.breakfast,22623,2291,0.10126862043053529,0.10439965675849659
2017-02,food.breakfast,19498,1919,0.09842035080521079,0.10147087239002868
2017-03,food.breakfast,20351,1968,0.09670286472409219,0.09879727865327942
2017-04,food.breakfast,21381,2216,0.10364342172957298,0.09958887908629199
2017-05,food.breakfast,23401,2449,0.10465364728003076,0.10166664457789865
2017-06,food.breakfast,21935,2134,0.09728744016412126,0.10186150305790835
2017-07,food.breakfast,23402,2267,0.09687206221690454,0.09960438322035219
2015-09,food.dining,19689,1648,0.08370155924627964,0.08370155924627964
2015-10,food.dining,19449,1709,0.08787084168851869,0.08578620046739917
2015-11,food.dining,18039,1596,0.08847497089639116,0.08668245727706315
2015-12,food.dining,17914,1545,0.08624539466339176,0.08753040241610054
2016-01,food.dining,19494,1765,0.09054067918333847,0.08842034824770713
2016-02,food.dining,18835,1998,0.10607910804353597,0.09428839396342208
2016-03,food.dining,20722,2189,0.1056365215712769,0.10075210293271712
2016-04,food.dining,21470,2264,0.10544946436888682,0.10572169799456656
2016-05,food.dining,23053,2322,0.10072441764629332,0.10393680119548569
2016-06,food.dining,20919,2121,0.10139107987953536,0.10252165396490516
2016-07,food.dining,25861,2524,0.09759870074629752,0.0999047327573754
2016-08,food.dining,27249,2677,0.09824213732614041,0.0990773059839911
2016-09,food.dining,22648,2221,0.09806605439773931,0.09796896415672575
2016-10,food.dining,24323,2482,0.10204333347037783,0.09945050839808585
2016-11,food.dining,17900,1916,0.1070391061452514,0.10238283133778951
2016-12,food.dining,21657,2252,0.10398485478136399,0.10435576479899773
2017-01,food.dining,22623,2333,0.10312513813375768,0.1047163663534577
2017-02,food.dining,19498,1964,0.10072827982357165,0.10261275757956444
2017-03,food.dining,20351,2035,0.09999508623654857,0.10128283473129263
2017-04,food.dining,21381,2277,0.10649642205696647,0.1024065960390289
2017-05,food.dining,23401,2571,0.10986709969659417,0.10545286933003639
2017-06,food.dining,21935,2269,0.10344198769090494,0.10660183648148852
2017-07,food.dining,23402,2512,0.10734125288436885,0.10688344675728932
2015-09,location.general,19689,1465,0.0744070293057037,0.0744070293057037
2015-10,location.general,19449,1401,0.07203455190498226,0.07322079060534298
2015-11,location.general,18039,1149,0.06369532679195078,0.07004563600087892
2015-12,location.general,17914,1046,0.05839008596628335,0.0647066548877388
2016-01,location.general,19494,1197,0.06140350877192982,0.06116297384338798
2016-02,location.general,18835,1168,0.06201221130873374,0.060601935348982304
2016-03,location.general,20722,1369,0.06606505163594248,0.06316025723886869
2016-04,location.general,21470,1487,0.06925943176525384,0.06577889823664336
2016-05,location.general,23053,1704,0.07391662690322301,0.06974703676813977
2016-06,location.general,20919,1697,0.08112242459008556,0.07476616108618747
2016-07,location.general,25861,1969,0.07613781369629945,0.07705895506320266
2016-08,location.general,27249,2170,0.07963594994311718,0.07896539607650073
2016-09,location.general,22648,1799,0.079433062522077,0.07840227538716454
2016-10,location.general,24323,1878,0.07721087036960901,0.0787599609449344
2016-11,location.general,17900,1291,0.07212290502793296,0.076255612639873
2016-12,location.general,21657,1358,0.06270489910883317,0.07067955816879172
2017-01,location.general,22623,1475,0.06519913362507183,0.06667564592061266
2017-02,location.general,19498,1249,0.06405785208739358,0.06398729494043286
2017-03,location.general,20351,1423,0.06992285391381259,0.066393279875426
2017-04,location.general,21381,1730,0.08091296010476591,0.07163122203532403
2017-05,location.general,23401,2023,0.0864492970385881,0.07909503701905553
2017-06,location.general,21935,1864,0.08497834511055391,0.08411353408463597
2017-07,location.general,23402,2228,0.09520553798820613,0.08887772671244938
2015-09,noise.general,19689,1272,0.0646046015541673,0.0646046015541673
2015-10,noise.general,19449,1403,0.0721373849555247,0.068370993254846
2015-11,noise.general,18039,1382,0.0766117855756971,0.07111792402846304
2015-12,noise.general,17914,1286,0.07178742882661605,0.07351219978594596
2016-01,noise.general,19494,1237,0.06345542218118395,0.07061821219449904
2016-02,noise.general,18835,1402,0.07443589062914786,0.06989291387898262
2016-03,noise.general,20722,1508,0.07277289836888332,0.07022140372640505
2016-04,noise.general,21470,1612,0.07508150908244061,0.07409676602682393
2016-05,noise.general,23053,1639,0.07109703726196157,0.0729838149044285
2016-06,noise.general,20919,1351,0.06458243701897796,0.07025366112112671
2016-07,noise.general,25861,1600,0.06186922392792235,0.06584956606962063
2016-08,noise.general,27249,1632,0.05989210613233513,0.062114589026411815
2016-09,noise.general,22648,1470,0.06490639350052985,0.06222257452026244
2016-10,noise.general,24323,1771,0.07281174197261851,0.06587008053516116
2016-11,noise.general,17900,1313,0.07335195530726257,0.07035669692680364
2016-12,noise.general,21657,1568,0.07240153299164243,0.07285507675717451
2017-01,noise.general,22623,1604,0.070901295142112,0.07221826114700568
2017-02,noise.general,19498,1520,0.07795671350907786,0.07375318054761076
2017-03,noise.general,20351,1569,0.07709694855289666,0.07531831906802884
2017-04,noise.general,21381,1727,0.08077264861325475,0.07860877022507642
2017-05,noise.general,23401,1793,0.07662065723687021,0.07816341813434054
2017-06,noise.general,21935,1354,0.061727832231593345,0.07304037936057277
2017-07,noise.general,23402,1491,0.06371250320485429,0.06735366422443928
2015-09,room.bathroom,19689,1601,0.08131443953476561,0.08131443953476561
2015-10,room.bathroom,19449,1633,0.0839631857679058,0.08263881265133571
2015-11,room.bathroom,18039,1530,0.08481623149842009,0.08336461893369718
2015-12,room.bathroom,17914,1495,0.08345428156748912,0.08407789961127167
2016-01,room.bathroom,19494,1478,0.07581820047194009,0.08136290451261642
2016-02,room.bathroom,18835,1648,0.08749668170958322,0.08225638791633748
2016-03,room.bathroom,20722,1793,0.08652639706592027,0.08328042641581453
2016-04,room.bathroom,21470,1932,0.08998602701443875,0.08800303526331409
2016-05,room.bathroom,23053,2034,0.08823146662039648,0.0882479635669185
2016-06,room.bathroom,20919,1821,0.0870500501936039,0.08842251460947971
2016-07,room.bathroom,25861,2251,0.08704226441359576,0.08744126040919871
2016-08,room.bathroom,27249,2287,0.08392968549304562,0.08600733336674843
2016-09,room.bathroom,22648,1991,0.08791063228541152,0.08629419406401763
2016-10,room.bathroom,24323,2310,0.09497183735558935,0.08893738504468217
2016-11,room.bathroom,17900,1723,0.09625698324022347,0.09304648429374145
2016-12,room.bathroom,21657,1978,0.09133305628665096,0.09418729229415461
2017-01,room.bathroom,22623,2147,0.09490341687662998,0.0941644854678348
2017-02,room.bathroom,19498,1948,0.09990768283926557,0.09538138533418217
2017-03,room.bathroom,20351,2021,0.09930715935334873,0.0980394196897481
2017-04,room.bathroom,21381,2119,0.09910668350404565,0.09944050856555331
2017-05,room.bathroom,23401,2359,0.10080765779240203,0.0997405002165988
2017-06,room.bathroom,21935,2082,0.09491679963528607,0.09827704697724458
2017-07,room.bathroom,23402,2290,0.0978548841979318,0.09785978054187329
2015-09,room.bed,19689,1226,0.0622682716237493,0.0622682716237493
2015-10,room.bed,19449,1158,0.059540336264075275,0.06090430394391229
2015-11,room.bed,18039,994,0.055102832751261155,0.05897048021302858
2015-12,room.bed,17914,1054,0.058836664061627776,0.057826611025654735
2016-01,room.bed,19494,1114,0.057145788447727504,0.05702842842020548
2016-02,room.bed,18835,1213,0.06440138040881338,0.060127944306056225
2016-03,room.bed,20722,1382,0.06669240420808802,0.0627465243548763
2016-04,room.bed,21470,1421,0.06618537494177923,0.06575971985289354
2016-05,room.bed,23053,1497,0.06493731835335965,0.06593836583440897
2016-06,room.bed,20919,1314,0.06281371002437976,0.06464546777317288
2016-07,room.bed,25861,1655,0.06399597850044468,0.0639156689593947
2016-08,room.bed,27249,1700,0.06238761055451576,0.06306576635978006
2016-09,room.bed,22648,1482,0.06543624161073826,0.0639399435552329
2016-10,room.bed,24323,1656,0.06808370677959133,0.06530251964828178
2016-11,room.bed,17900,1259,0.07033519553072626,0.06795171464035195
2016-12,room.bed,21657,1584,0.07314032414461837,0.07051974215164532
2017-01,room.bed,22623,1756,0.07762012111567873,0.07369854693034111
2017-02,room.bed,19498,1524,0.07816186275515437,0.07630743600515048
2017-03,room.bed,20351,1462,0.07183922165986929,0.0758737351769008
2017-04,room.bed,21381,1499,0.070108975258407,0.07337001989114356
2017-05,room.bed,23401,1622,0.06931327721037563,0.07042049137621731
2017-06,room.bed,21935,1368,0.06236608160474128,0.06726277802450796
2017-07,room.bed,23402,1445,0.06174685924279976,0.06447540601930556
2015-09,room.climate,19689,617,0.03133729493625882,0.03133729493625882
2015-10,room.climate,19449,659,0.03388349015373541,0.03261039254499712
2015-11,room.climate,18039,716,0.03969177892344365,0.03497085467114596
2015-12,room.climate,17914,624,0.03483309143686502,0.03613612017134803
2016-01,room.climate,19494,749,0.03842207858828357,0.037648982982864086
2016-02,room.climate,18835,817,0.04337669232811256,0.038877287451087046
2016-03,room.climate,20722,855,0.0412604960911109,0.04101975566916901
2016-04,room.climate,21470,860,0.040055891942244994,0.04156436012048948
2016-05,room.climate,23053,917,0.03977790309287294,0.040364763708742944
2016-06,room.climate,20919,799,0.03819494239686409,0.039342912477327345
2016-07,room.climate,25861,1300,0.05026874444143691,0.04274719664372465
2016-08,room.climate,27249,1207,0.04429520349370619,0.0442529634440024
2016-09,room.climate,22648,929,0.0410190745319675,0.0451943408223702
2016-10,room.climate,24323,935,0.03844098178678617,0.04125175327081995
2016-11,room.climate,17900,775,0.04329608938547486,0.040918715234742845
2016-12,room.climate,21657,921,0.042526665743177726,0.04142124563847959
2017-01,room.climate,22623,1180,0.05215930690005746,0.04599402067623668
2017-02,room.climate,19498,874,0.044825110267719764,0.04650369430365165
2017-03,room.climate,20351,930,0.04569800009827527,0.04756080575535083
2017-04,room.climate,21381,1007,0.047097890650577616,0.04587366700552422
2017-05,room.climate,23401,1078,0.04606640741848639,0.046287432722446425
2017-06,room.climate,21935,1287,0.058673353088671075,0.05061255038591169
2017-07,room.climate,23402,1225,0.052345953337321595,0.05236190461482635
2015-09,room.comfort,19689,150,0.007618467164406522,0.007618467164406522
2015-10,room.comfort,19449,183,0.009409224124633657,0.008513845644520089
2015-11,room.comfort,18039,179,0.009922944730860913,0.008983545339967031
2015-12,room.comfort,17914,161,0.00898738416880652,0.009439851008100363
2016-01,room.comfort,19494,185,0.00949009951780035,0.009466809472489261
2016-02,room.comfort,18835,194,0.010299973453676666,0.009592485713427844
2016-03,room.comfort,20722,181,0.008734678119872599,0.009508250363783206
2016-04,room.comfort,21470,191,0.008896134140661389,0.009310261904736885
2016-05,room.comfort,23053,219,0.009499848175942394,0.009043553478825461
2016-06,room.comfort,20919,187,0.008939241837563937,0.009111741384722573
2016-07,room.comfort,25861,223,0.008623023084954178,0.009020704366153503
2016-08,room.comfort,27249,257,0.00943153877206503,0.008997934564861048
2016-09,room.comfort,22648,221,0.009758036029671494,0.009270865962230234
2016-10,room.comfort,24323,240,0.009867203881100193,0.009685592894278906
2016-11,room.comfort,17900,163,0.009106145251396648,0.009577128387389444
2016-12,room.comfort,21657,219,0.010112203906358221,0.00969518434628502
2017-01,room.comfort,22623,207,0.009149980108738895,0.00945610975549792
2017-02,room.comfort,19498,179,0.0091804287619243,0.009480870925673806
2017-03,room.comfort,20351,169,0.008304260232912388,0.008878223034525195
2017-04,room.comfort,21381,219,0.010242738880314298,0.009242475958383662
2017-05,room.comfort,23401,231,0.009871373018247084,0.009472790710491256
2017-06,room.comfort,21935,197,0.008981080465010258,0.00969839745452388
2017-07,room.comfort,23402,215,0.009187248953080934,0.009346567478779426
2015-09,room.equipment,19689,2313,0.11747676367514856,0.11747676367514856
2015-10,room.equipment,19449,2292,0.11784667592164122,0.11766171979839489
2015-11,room.equipment,18039,2183,0.12101557736016409,0.11877967231898462
2015-12,room.equipment,17914,2041,0.11393323657474601,0.11759849661885043
2016-01,room.equipment,19494,2181,0.11188057863958141,0.11560979752483051
2016-02,room.equipment,18835,2311,0.12269710645075657,0.11617030722169468
2016-03,room.equipment,20722,2625,0.1266769616832352,0.12041821559119105
2016-04,room.equipment,21470,2776,0.12929669306008384,0.12622358706469186
2016-05,room.equipment,23053,2907,0.1261007244176463,0.12735812638698843
2016-06,room.equipment,20919,2661,0.12720493331421195,0.12753411693064737
2016-07,room.equipment,25861,3216,0.12435714009512393,0.12588759927566073
2016-08,room.equipment,27249,3370,0.12367426327571654,0.12507877889501748
2016-09,room.equipment,22648,2937,0.1296803249735076,0.12590390944811602
2016-10,room.equipment,24323,3250,0.13361838588989844,0.12899099137970751
2016-11,room.equipment,17900,2254,0.12592178770949722,0.12974016619096776
2016-12,room.equipment,21657,2758,0.1273491249942282,0.12896309953120796
2017-01,room.equipment,22623,2811,0.12425407770852671,0.1258416634707507
2017-02,room.equipment,19498,2567,0.13165452866960714,0.1277525771241207
2017-03,room.equipment,20351,2707,0.13301557663014102,0.12964139433609162
2017-04,room.equipment,21381,2922,0.13666339273186473,0.1337778326772043
2017-05,room.equipment,23401,3243,0.13858382120422205,0.13608759685540928
2017-06,room.equipment,21935,2948,0.13439708228857988,0.13654809874155557
2017-07,room.equipment,23402,3365,0.14379112896333646,0.13892401081871278
2015-09,room.general,19689,3146,0.15978465132815278,0.15978465132815278
2015-10,room.general,19449,3253,0.16725795670728572,0.16352130401771925
2015-11,room.general,18039,3004,0.16652807805310715,0.1645235620295152
2015-12,room.general,17914,2903,0.16205202634810761,0.1652793537028335
2016-01,room.general,19494,3046,0.15625320611470195,0.16161110350530558
2016-02,room.general,18835,3122,0.1657552428988585,0.1613534917872227
2016-03,room.general,20722,3477,0.16779268410385098,0.1632670443724705
2016-04,room.general,21470,3586,0.1670237540754541,0.16685722702605454
2016-05,room.general,23053,3807,0.16514119637357394,0.16665254485095968
2016-06,room.general,20919,3419,0.1634399349873321,0.16520162847878672
2016-07,room.general,25861,4398,0.17006302927187658,0.16621472021092754
2016-08,room.general,27249,4311,0.1582076406473632,0.1639035349688573
2016-09,room.general,22648,3834,0.16928647121158602,0.16585238037694194
2016-10,room.general,24323,4181,0.1718949142786663,0.1664630087125385
2016-11,room.general,17900,3086,0.17240223463687152,0.17119454004237458
2016-12,room.general,21657,3619,0.16710532391374613,0.17046749094309466
2017-01,room.general,22623,3782,0.16717499889492993,0.16889418581518253
2017-02,room.general,19498,3303,0.16940198994768693,0.167894104252121
2017-03,room.general,20351,3458,0.16991794015036116,0.16883164299765932
2017-04,room.general,21381,3789,0.17721341377858846,0.17217778129221217
2017-05,room.general,23401,4129,0.17644545104910048,0.17452560165935002
2017-06,room.general,21935,3785,0.1725552769546387,0.17540471392744253
2017-07,room.general,23402,4161,0.17780531578497563,0.17560201459623825
2015-09,room.size,19689,982,0.04987556503631469,0.04987556503631469
2015-10,room.size,19449,1065,0.05475859941385161,0.05231708222508315
2015-11,room.size,18039,940,0.05210931869837574,0.052247827716180674
2015-12,room.size,17914,912,0.050909902869264265,0.05259260699383054
2016-01,room.size,19494,926,0.0475017954242331,0.050173672330624364
2016-02,room.size,18835,924,0.04905760552163525,0.04915643460504421
2016-03,room.size,20722,1046,0.050477753112633916,0.04901238468616742
2016-04,room.size,21470,1070,0.04983698183511877,0.04979078015646265
2016-05,room.size,23053,1187,0.05149004467965124,0.050601593209134633
2016-06,room.size,20919,1043,0.04985897987475501,0.050395335463175005
2016-07,room.size,25861,1384,0.053516878697652835,0.05162196775068636
2016-08,room.size,27249,1294,0.04748798121031964,0.050287946594242496
2016-09,room.size,22648,1199,0.05294065701165666,0.05131517230654304
2016-10,room.size,24323,1269,0.05217284052131727,0.05086715958109786
2016-11,room.size,17900,922,0.05150837988826815,0.05220729247374736
2016-12,room.size,21657,1028,0.04746733157870434,0.05038285066276326
2017-01,room.size,22623,1084,0.04791583786412058,0.04896384977703103
2017-02,room.size,19498,882,0.04523540875987281,0.04687285940089925
2017-03,room.size,20351,1034,0.050808314087759814,0.047986520237251064
2017-04,room.size,21381,1086,0.05079275992703802,0.04894549425822355
2017-05,room.size,23401,1205,0.05149352591769583,0.05103153331083122
2017-06,room.size,21935,1104,0.05033052199680875,0.0508722692805142
2017-07,room.size,23402,1166,0.04982480129903427,0.05054961640451295
2015-09,room.storage,19689,215,0.010919802935649347,0.010919802935649347
2015-10,room.storage,19449,206,0.010591804205871767,0.010755803570760558
2015-11,room.storage,18039,180,0.009978380176284716,0.010496662439268611
2015-12,room.storage,17914,158,0.00881991738305236,0.009796700588402948
2016-01,room.storage,19494,173,0.00887452549502411,0.00922427435145373
2016-02,room.storage,18835,167,0.008866471993628883,0.00885363829056845
2016-03,room.storage,20722,223,0.010761509506804363,0.009500835665152451
2016-04,room.storage,21470,233,0.010852352119236143,0.010160111206556464
2016-05,room.storage,23053,277,0.012015789701991065,0.011209883776010524
2016-06,room.storage,20919,240,0.01147282374874516,0.011446988523324124
2016-07,room.storage,25861,288,0.011136460307026023,0.011541691252587416
2016-08,room.storage,27249,253,0.0092847443942897,0.010631342816686961
2016-09,room.storage,22648,251,0.011082656305192512,0.01050128700216941
2016-10,room.storage,24323,317,0.013032931792953171,0.011133444164145127
2016-11,room.storage,17900,213,0.011899441340782123,0.012005009812975935
2016-12,room.storage,21657,232,0.010712471718151175,0.011881614950628824
2017-01,room.storage,22623,199,0.008796357689077487,0.010469423582670263
2017-02,room.storage,19498,180,0.00923171607344343,0.009580181826890697
2017-03,room.storage,20351,246,0.012087858090511524,0.010038643951010813
2017-04,room.storage,21381,255,0.011926476778448155,0.011082016980801036
2017-05,room.storage,23401,280,0.011965300628178284,0.011993211832379322
2017-06,room.storage,21935,284,0.012947344426715295,0.012279707277780577
2017-07,room.storage,23402,287,0.01226390906760106,0.012392184707498213
2015-09,room.view,19689,463,0.023515668647468128,0.023515668647468128
2015-10,room.view,19449,440,0.022623271119337755,0.023069469883402943
2015-11,room.view,18039,414,0.022950274405454846,0.023029738057420243
2015-12,room.view,17914,368,0.020542592385843474,0.02203871263687869
2016-01,room.view,19494,424,0.021750282138093772,0.021747716309797365
2016-02,room.view,18835,500,0.026546323334218212,0.022946399286051817
2016-03,room.view,20722,529,0.02552842389730721,0.024608343123206398
2016-04,room.view,21470,590,0.027480204937121566,0.026518317389548993
2016-05,room.view,23053,662,0.028716436038693446,0.027241688291040744
2016-06,room.view,20919,587,0.028060614752139203,0.02808575190931807
2016-07,room.view,25861,673,0.02602374231468234,0.027600264368505
2016-08,room.view,27249,718,0.026349590810671952,0.0268113159591645
2016-09,room.view,22648,583,0.025741787354291768,0.02603837349321535
2016-10,room.view,24323,567,0.023311269169099206,0.02513421577802098
2016-11,room.view,17900,352,0.019664804469273742,0.022905953664221573
2016-12,room.view,21657,398,0.018377429930276586,0.02045116785621651
2017-01,room.view,22623,411,0.01816735181010476,0.018736528736551697
2017-02,room.view,19498,453,0.023233152118165967,0.019925977952849103
2017-03,room.view,20351,507,0.024912780698737164,0.02210442820900263
2017-04,room.view,21381,700,0.03273934801926944,0.026961760278724194
2017-05,room.view,23401,759,0.032434511345668986,0.030028880021225196
2017-06,room.view,21935,684,0.03118304080237064,0.03211896672243635
2017-07,room.view,23402,732,0.03127937783095462,0.031632309992998084
2015-09,staff.checkin,19689,590,0.029965970846665652,0.029965970846665652
2015-10,staff.checkin,19449,541,0.027816340171731194,0.02889115550919842
2015-11,staff.checkin,18039,528,0.0292699151837685,0.029017408734055117
2015-12,staff.checkin,17914,439,0.024505972982025233,0.027197409445841644
2016-01,staff.checkin,19494,488,0.02503334359290038,0.026269743919564704
2016-02,staff.checkin,18835,480,0.02548447040084948,0.02500792899192503
2016-03,staff.checkin,20722,531,0.025624939677637293,0.025380917890462384
2016-04,staff.checkin,21470,581,0.027061015370284117,0.026056808482923632
2016-05,staff.checkin,23053,652,0.028282653016960917,0.02698953602162744
2016-06,staff.checkin,20919,605,0.02892107653329509,0.028088248306846707
2016-07,staff.checkin,25861,897,0.03468543366459147,0.030629721071615823
2016-08,staff.checkin,27249,846,0.03104701089948255,0.03155117369912303
2016-09,staff.checkin,22648,733,0.03236488873189686,0.032699111098656954
2016-10,staff.checkin,24323,769,0.0316161657690252,0.03167602180013487
2016-11,staff.checkin,17900,582,0.03251396648044693,0.032165006993789665
2016-12,staff.checkin,21657,693,0.031998891813270536,0.03204300802091422
2017-01,staff.checkin,22623,601,0.026565884277063165,0.030359580856926877
2017-02,staff.checkin,19498,512,0.026259103497794645,0.028274626529376113
2017-03,staff.checkin,20351,570,0.028008451673136456,0.026944479815998085
2017-04,staff.checkin,21381,627,0.029325101725831346,0.02786421896558748
2017-05,staff.checkin,23401,752,0.032135378829964534,0.02982297740964411
2017-06,staff.checkin,21935,708,0.03227718258490996,0.03124588771356861
2017-07,staff.checkin,23402,832,0.03555251687889924,0.033321692764591244
2015-09,staff.people,19689,2369,0.120320991416527,0.120320991416527
2015-10,staff.people,19449,2390,0.12288549539822098,0.121603243407374
2015-11,staff.people,18039,2000,0.11087089084760796,0.11802579255411864
2015-12,staff.people,17914,1874,0.10461091883443117,0.11278910169342005
2016-01,staff.people,19494,2041,0.10469888170719195,0.1067268971297437
2016-02,staff.people,18835,1932,0.10257499336341917,0.10396159796834743
2016-03,staff.people,20722,2170,0.10471962165814111,0.1039978322429174
2016-04,staff.people,21470,2263,0.10540288775034933,0.10423250092396986
2016-05,staff.people,23053,2559,0.11100507526135427,0.10704252822328157
2016-06,staff.people,20919,2463,0.1177398537214972,0.1113826055777336
2016-07,staff.people,25861,3069,0.11867290514674607,0.11580594470986584
2016-08,staff.people,27249,3328,0.12213292230907556,0.11951522705910628
2016-09,staff.people,22648,2769,0.12226245143058989,0.12102275962880384
2016-10,staff.people,24323,2833,0.11647411914648687,0.12028983096205077
2016-11,staff.people,17900,2119,0.11837988826815643,0.11903881961507773
2016-12,staff.people,21657,2510,0.11589786212310108,0.1169172898459148
2017-01,staff.people,22623,2545,0.11249613225478496,0.11559129421534749
2017-02,staff.people,19498,2056,0.10544671248333162,0.11128023562040588
2017-03,staff.people,20351,2168,0.10653039162694708,0.10815774545502121
2017-04,staff.people,21381,2501,0.11697301342313268,0.1096500391778038
2017-05,staff.people,23401,2889,0.12345626255288236,0.11565322253432071
2017-06,staff.people,21935,2662,0.12135855937998632,0.12059594511866711
2017-07,staff.people,23402,3155,0.13481753696265275,0.12654411963184048
2015-09,staff.response,19689,186,0.009446899283864087,0.009446899283864087
2015-10,staff.response,19449,183,0.009409224124633657,0.009428061704248872
2015-11,staff.response,18039,147,0.008149010477299184,0.009001711295265643
2015-12,staff.response,17914,165,0.009210673216478732,0.008922969272803857
2016-01,staff.response,19494,168,0.008618036318867343,0.008659240004215087
2016-02,staff.response,18835,161,0.008547916113618263,0.00879220854965478
2016-03,staff.response,20722,181,0.008734678119872599,0.008633543517452736
2016-04,staff.response,21470,171,0.007964601769911504,0.008415732001134123
2016-05,staff.response,23053,186,0.008068364204225046,0.008255881364669716
2016-06,staff.response,20919,218,0.01042114823844352,0.008818038070860025
2016-07,staff.response,25861,268,0.010363095007926995,0.009617535816865188
2016-08,staff.response,27249,290,0.010642592388711512,0.010475611878360677
2016-09,staff.response,22648,239,0.010552808194984104,0.01051949853054087
2016-10,staff.response,24323,213,0.008757143444476421,0.009984181342724012
2016-11,staff.response,17900,190,0.010614525139664804,0.009974825593041777
2016-12,staff.response,21657,192,0.008865493835711318,0.009412387473284182
2017-01,staff.response,22623,227,0.01003403615789241,0.009838018377756177
2017-02,staff.response,19498,170,0.008718842958252128,0.009206124317285286
2017-03,staff.response,20351,190,0.009336150557712152,0.009363009891285563
2017-04,staff.response,21381,253,0.011832935784107384,0.009962643100023887
2017-05,staff.response,23401,265,0.01132430238024016,0.010831129574019898
2017-06,staff.response,21935,254,0.011579667198541144,0.01157896845429623
2017-07,staff.response,23402,306,0.013075805486710538,0.011993258355163947
2015-09,value.charges,19689,776,0.039412870130529735,0.039412870130529735
2015-10,value.charges,19449,752,0.03866522700395907,0.039039048567244404
2015-11,value.charges,18039,744,0.041243971395310164,0.039774022843266324
2015-12,value.charges,17914,704,0.039298872390309256,0.039736023596526164
2016-01,value.charges,19494,822,0.04216682056017236,0.04090322144859726
2016-02,value.charges,18835,859,0.045606583488186886,0.04235742547955617
2016-03,value.charges,20722,936,0.0451693851944793,0.04431426308094618
2016-04,value.charges,21470,988,0.04601769911504425,0.045597889265903475
2016-05,value.charges,23053,1023,0.04437600312323776,0.045187695810920435
2016-06,value.charges,20919,976,0.04665614991156365,0.04568328404994856
2016-07,value.charges,25861,1133,0.04381114419396002,0.044947765742920476
2016-08,value.charges,27249,1248,0.045799845865903334,0.045422379990475666
2016-09,value.charges,22648,938,0.041416460614623805,0.04367581689149572
2016-10,value.charges,24323,1058,0.04349792377585002,0.043571410085459054
2016-11,value.charges,17900,823,0.045977653631284914,0.04363067934058625
2016-12,value.charges,21657,904,0.041741700143140784,0.04373909251675857
2017-01,value.charges,22623,973,0.04300932679131857,0.04357622685524809
2017-02,value.charges,19498,843,0.04323520361062673,0.04266207684836202
2017-03,value.charges,20351,861,0.042307503316790326,0.042850677906245214
2017-04,value.charges,21381,946,0.044244890323184134,0.04326253241686706
2017-05,value.charges,23401,1007,0.04303234904491261,0.04319491422829569
2017-06,value.charges,21935,988,0.0450421700478687,0.04410646980532182
2017-07,value.charges,23402,1067,0.04559439364156909,0.04455630424478347
2015-09,value.price,19689,2203,0.11188988775458378,0.11188988775458378
2015-10,value.price,19449,2126,0.10931153272661834,0.11060071024060106
2015-11,value.price,18039,1899,0.10527191085980375,0.10882444378033529
2015-12,value.price,17914,1744,0.09735402478508429,0.10397915612383546
2016-01,value.price,19494,1853,0.09505488868369755,0.09922694144286186
2016-02,value.price,18835,1791,0.09508893018316963,0.0958326145506505
2016-03,value.price,20722,2104,0.10153460090724833,0.09722613992470518
2016-04,value.price,21470,2269,0.10568234746157429,0.10076862618399741
2016-05,value.price,23053,2527,0.10961696959181018,0.10561130598687761
2016-06,value.price,20919,2400,0.1147282374874516,0.11000918484694537
2016-07,value.price,25861,2743,0.10606705077143189,0.11013741928356456
2016-08,value.price,27249,2788,0.10231568130940585,0.1077036565227631
2016-09,value.price,22648,2438,0.10764747439067468,0.1053434021571708
2016-10,value.price,24323,2804,0.11528183201085393,0.10841499590364483
2016-11,value.price,17900,1897,0.10597765363128492,0.10963565334427117
2016-12,value.price,21657,2139,0.0987671422634714,0.10667554263520342
2017-01,value.price,22623,2206,0.09751138222163284,0.10075205937212972
2017-02,value.price,19498,1871,0.09595855985229254,0.09741236144579894
2017-03,value.price,20351,1981,0.09734165397277775,0.09693719868223438
2017-04,value.price,21381,2246,0.10504653664468454,0.09944891682325162
2017-05,value.price,23401,2688,0.11486688603051151,0.10575169221599127
2017-06,value.price,21935,2474,0.11278778208342831,0.11090040158620812
2017-07,value.price,23402,2615,0.11174258610375182,0.11313241807256387
