topic,base_complaining,base_reviews,recent_complaining,recent_reviews,base_rate,recent_rate,change
room.equipment,27506,225445,31762,239119,0.1220075849985584,0.13282926074465015,0.010821675746091747
room.bathroom,19216,225445,22968,239119,0.08523586684113642,0.09605259306035907,0.010816726219222653
cleanliness.general,11328,225445,13926,239119,0.05024728869569074,0.058238784872803914,0.007991496177113172
food.dining,21681,225445,24832,239119,0.09616979751158819,0.10384787490747285,0.007678077395884664
room.bed,14028,225445,16657,239119,0.062223602208964494,0.0696598764631836,0.007436274254219104
location.general,15652,225445,18318,239119,0.06942713300361507,0.07660620862415785,0.007179075620542777
room.general,37161,225445,41127,239119,0.16483399498769102,0.17199386079734358,0.007159865809652555
room.climate,8913,225445,11141,239119,0.03953514160881812,0.0465918643018748,0.007056722693056683
staff.people,25130,225445,28207,239119,0.11146842910687751,0.11796218619181245,0.006493757084934937
food.breakfast,21857,225445,24196,239119,0.09695047572578677,0.10118811135877952,0.004237635632992745
facilities.access,9764,225445,11213,239119,0.043309898201335136,0.04689296960927404,0.003583071407938905
staff.checkin,6332,225445,7379,239119,0.02808667302446273,0.03085911199026426,0.002772438965801531
cleanliness.linen,3795,225445,4563,239119,0.01683337399365699,0.019082548856427135,0.0022491748627701466
noise.general,15692,225445,17180,239119,0.0696045598704784,0.07184707195998645,0.002242512089508056
cleanliness.odour,4069,225445,4684,239119,0.018048748031670697,0.019588573053584198,0.0015398250219135004
staff.response,2034,225445,2499,239119,0.009022156179999557,0.010450863377648785,0.0014287071976492281
facilities.common,10506,225445,11474,239119,0.046601166581649624,0.0479844763485963,0.001383309766946679
value.price,23659,225445,25359,239119,0.1049435560779791,0.10605179847690899,0.0011082423989298845
room.storage,2360,225445,2744,239119,0.010468185144935572,0.011475457826437883,0.0010072726815023112
facilities.leisure,5230,225445,5788,239119,0.023198562842378406,0.024205521100372617,0.0010069582579942116
facilities.kitchen,1117,225445,1359,239119,0.004954645257158065,0.005683362677160744,0.0007287174200026787
cleanliness.pests,503,225445,705,239119,0.0022311428508061835,0.0029483228016176045,0.000717179950811421
room.view,5650,225445,6146,239119,0.025061544944443213,0.025702683601052195,0.0006411386566089819
facilities.parking,3661,225445,4003,239119,0.016238993989664885,0.016740618687766343,0.0005016246981014577
value.charges,9713,225445,10408,239119,0.04308367894608441,0.043526444991824155,0.00044276604573974254
room.comfort,2053,225445,2260,239119,0.009106433941759631,0.009451361037809625,0.00034492709604999443
facilities.family,395,225445,432,239119,0.0017520903102752334,0.0018066318443954684,5.4541534120234984e-05
room.size,11479,225445,11979,239119,0.05091707511809976,0.050096395518549344,-0.000820679599550414
facilities.wifi,6576,225445,6355,239119,0.029168976912328948,0.02657672539614167,-0.0025922515161872772
